start_station_name,end_station_name,month,trips_in_month
Dean Keeton/Whitis,21st/Speedway @ PCL,2018-02,1308
Dean Keeton/Whitis,21st/Speedway @ PCL,2018-03,3098
Dean Keeton/Whitis,21st/Speedway @ PCL,2018-04,2912
Dean Keeton/Whitis,21st/Speedway @ PCL,2018-05,1434
Dean Keeton/Whitis,21st/Speedway @ PCL,2018-06,426
Dean Keeton/Whitis,21st/Speedway @ PCL,2018-07,364
Dean Keeton/Whitis,21st/Speedway @ PCL,2018-08,1088
Dean Keeton/Whitis,21st/Speedway @ PCL,2018-09,3440
Dean Keeton/Whitis,21st/Speedway @ PCL,2018-10,2132
Dean Keeton/Whitis,21st/Speedway @ PCL,2018-11,1196
Dean Keeton/Whitis,21st/Speedway @ PCL,2018-12,198
Dean Keeton/Whitis,21st/Speedway @ PCL,2019-03,120
Dean Keeton/Whitis,21st/Speedway @ PCL,2019-04,264
Dean Keeton/Whitis,21st/Speedway @ PCL,2019-05,154
Dean Keeton/Whitis,21st/Speedway @ PCL,2019-06,88
Dean Keeton/Whitis,21st/Speedway @ PCL,2019-07,98
Dean Keeton/Whitis,21st/Speedway @ PCL,2019-08,110
Dean Keeton/Whitis,21st/Speedway @ PCL,2019-09,160
Dean Keeton/Whitis,21st/Speedway @ PCL,2019-10,168
Dean Keeton/Whitis,21st/Speedway @ PCL,2019-11,80
Dean Keeton/Whitis,21st/Speedway @ PCL,2019-12,60
Dean Keeton/Whitis,21st/Speedway @ PCL,2020-01,32
Dean Keeton/Whitis,21st/Speedway @ PCL,2020-02,106
Dean Keeton/Whitis,21st/Speedway @ PCL,2020-03,134
Dean Keeton/Whitis,21st/Speedway @ PCL,2020-05,2
Dean Keeton/Whitis,21st/Speedway @ PCL,2020-06,10
Dean Keeton/Whitis,21st/Speedway @ PCL,2020-07,8
Dean Keeton/Whitis,21st/Speedway @ PCL,2020-08,14
Dean Keeton/Whitis,21st/Speedway @ PCL,2020-09,48
Dean Keeton/Whitis,21st/Speedway @ PCL,2020-10,36
Dean Keeton/Whitis,21st/Speedway @ PCL,2020-11,40
Dean Keeton/Whitis,21st/Speedway @ PCL,2020-12,2
Dean Keeton/Whitis,21st/Speedway @ PCL,2021-01,38
Dean Keeton/Whitis,21st/Speedway @ PCL,2021-02,126
Dean Keeton/Whitis,21st/Speedway @ PCL,2021-03,256
Dean Keeton/Whitis,21st/Speedway @ PCL,2021-04,396
Dean Keeton/Whitis,21st/Speedway @ PCL,2021-05,192
Dean Keeton/Whitis,21st/Speedway @ PCL,2021-06,24
Dean Keeton/Whitis,21st/Speedway @ PCL,2021-07,18
Dean Keeton/Whitis,21st/Speedway @ PCL,2021-08,382
Dean Keeton/Whitis,21st/Speedway @ PCL,2021-09,1772
Dean Keeton/Whitis,21st/Speedway @ PCL,2021-10,1778
Dean Keeton/Whitis,21st/Speedway @ PCL,2021-11,1312
Dean Keeton/Whitis,21st/Speedway @ PCL,2021-12,704
Dean Keeton/Whitis,21st/Speedway @ PCL,2022-01,606
Dean Keeton/Whitis,21st/Speedway @ PCL,2022-02,1072
Dean Keeton/Whitis,21st/Speedway @ PCL,2022-03,1388
Dean Keeton/Whitis,21st/Speedway @ PCL,2022-04,1878
Dean Keeton/Whitis,21st/Speedway @ PCL,2022-05,900
Dean Keeton/Whitis,21st/Speedway @ PCL,2022-06,170
Dean Keeton/Whitis,21st/Speedway @ PCL,2022-07,166
Dean Keeton/Whitis,21st/Speedway @ PCL,2022-08,822
Dean Keeton/Whitis,21st/Speedway @ PCL,2022-09,1564
Dean Keeton/Whitis,21st/Speedway @ PCL,2022-10,1722
Dean Keeton/Whitis,21st/Speedway @ PCL,2022-12,406
Dean Keeton/Whitis,21st/Speedway @ PCL,2023-01,596
Dean Keeton/Whitis,21st/Speedway @ PCL,2023-03,710
Dean Keeton/Whitis,21st/Speedway @ PCL,2023-04,874
Dean Keeton/Whitis,21st/Speedway @ PCL,2023-06,176
Dean Keeton/Whitis,21st/Speedway @ PCL,2023-08,582
Dean Keeton/Whitis,21st/Speedway @ PCL,2023-09,1770
Dean Keeton/Whitis,21st/Speedway @ PCL,2023-10,2166
Dean Keeton/Whitis,21st/Speedway @ PCL,2023-11,1346
Dean Keeton/Whitis,21st/Speedway @ PCL,2023-12,650
Dean Keeton/Whitis,21st/Speedway @ PCL,2024-01,820
Dean Keeton/Whitis,21st/Speedway @ PCL,2024-02,1776
Dean Keeton/Whitis,21st/Speedway @ PCL,2024-03,1248
Dean Keeton/Whitis,21st/Speedway @ PCL,2024-04,1484
Dean Keeton/Whitis,21st/Speedway @ PCL,2024-05,428
Dean Keeton/Whitis,21st/Speedway @ PCL,2024-06,134
21st/Speedway @ PCL,Dean Keeton/Whitis,2018-02,1276
21st/Speedway @ PCL,Dean Keeton/Whitis,2018-03,2850
21st/Speedway @ PCL,Dean Keeton/Whitis,2018-04,2718
21st/Speedway @ PCL,Dean Keeton/Whitis,2018-05,1242
21st/Speedway @ PCL,Dean Keeton/Whitis,2018-06,324
21st/Speedway @ PCL,Dean Keeton/Whitis,2018-07,252
21st/Speedway @ PCL,Dean Keeton/Whitis,2018-08,1064
21st/Speedway @ PCL,Dean Keeton/Whitis,2018-09,3328
21st/Speedway @ PCL,Dean Keeton/Whitis,2018-10,2006
21st/Speedway @ PCL,Dean Keeton/Whitis,2018-11,1138
21st/Speedway @ PCL,Dean Keeton/Whitis,2018-12,184
21st/Speedway @ PCL,Dean Keeton/Whitis,2019-01,4
21st/Speedway @ PCL,Dean Keeton/Whitis,2019-02,4
21st/Speedway @ PCL,Dean Keeton/Whitis,2019-03,86
21st/Speedway @ PCL,Dean Keeton/Whitis,2019-04,222
21st/Speedway @ PCL,Dean Keeton/Whitis,2019-05,118
21st/Speedway @ PCL,Dean Keeton/Whitis,2019-06,26
21st/Speedway @ PCL,Dean Keeton/Whitis,2019-07,34
21st/Speedway @ PCL,Dean Keeton/Whitis,2019-08,34
21st/Speedway @ PCL,Dean Keeton/Whitis,2019-09,160
21st/Speedway @ PCL,Dean Keeton/Whitis,2019-10,158
21st/Speedway @ PCL,Dean Keeton/Whitis,2019-11,84
21st/Speedway @ PCL,Dean Keeton/Whitis,2019-12,50
21st/Speedway @ PCL,Dean Keeton/Whitis,2020-01,28
21st/Speedway @ PCL,Dean Keeton/Whitis,2020-02,94
21st/Speedway @ PCL,Dean Keeton/Whitis,2020-03,120
21st/Speedway @ PCL,Dean Keeton/Whitis,2020-06,10
21st/Speedway @ PCL,Dean Keeton/Whitis,2020-07,6
21st/Speedway @ PCL,Dean Keeton/Whitis,2020-08,14
21st/Speedway @ PCL,Dean Keeton/Whitis,2020-09,44
21st/Speedway @ PCL,Dean Keeton/Whitis,2020-10,42
21st/Speedway @ PCL,Dean Keeton/Whitis,2020-11,40
21st/Speedway @ PCL,Dean Keeton/Whitis,2020-12,6
21st/Speedway @ PCL,Dean Keeton/Whitis,2021-01,30
21st/Speedway @ PCL,Dean Keeton/Whitis,2021-02,90
21st/Speedway @ PCL,Dean Keeton/Whitis,2021-03,260
21st/Speedway @ PCL,Dean Keeton/Whitis,2021-04,308
21st/Speedway @ PCL,Dean Keeton/Whitis,2021-05,178
21st/Speedway @ PCL,Dean Keeton/Whitis,2021-06,22
21st/Speedway @ PCL,Dean Keeton/Whitis,2021-07,32
21st/Speedway @ PCL,Dean Keeton/Whitis,2021-08,304
21st/Speedway @ PCL,Dean Keeton/Whitis,2021-09,1704
21st/Speedway @ PCL,Dean Keeton/Whitis,2021-10,1646
21st/Speedway @ PCL,Dean Keeton/Whitis,2021-11,1148
21st/Speedway @ PCL,Dean Keeton/Whitis,2021-12,638
21st/Speedway @ PCL,Dean Keeton/Whitis,2022-01,532
21st/Speedway @ PCL,Dean Keeton/Whitis,2022-02,918
21st/Speedway @ PCL,Dean Keeton/Whitis,2022-03,1190
21st/Speedway @ PCL,Dean Keeton/Whitis,2022-04,1636
21st/Speedway @ PCL,Dean Keeton/Whitis,2022-05,784
21st/Speedway @ PCL,Dean Keeton/Whitis,2022-06,184
21st/Speedway @ PCL,Dean Keeton/Whitis,2022-07,132
21st/Speedway @ PCL,Dean Keeton/Whitis,2022-08,778
21st/Speedway @ PCL,Dean Keeton/Whitis,2022-09,1416
21st/Speedway @ PCL,Dean Keeton/Whitis,2022-10,1582
21st/Speedway @ PCL,Dean Keeton/Whitis,2022-12,360
21st/Speedway @ PCL,Dean Keeton/Whitis,2023-01,490
21st/Speedway @ PCL,Dean Keeton/Whitis,2023-03,646
21st/Speedway @ PCL,Dean Keeton/Whitis,2023-04,796
21st/Speedway @ PCL,Dean Keeton/Whitis,2023-06,146
21st/Speedway @ PCL,Dean Keeton/Whitis,2023-08,526
21st/Speedway @ PCL,Dean Keeton/Whitis,2023-09,1704
21st/Speedway @ PCL,Dean Keeton/Whitis,2023-10,1990
21st/Speedway @ PCL,Dean Keeton/Whitis,2023-11,1336
21st/Speedway @ PCL,Dean Keeton/Whitis,2023-12,646
21st/Speedway @ PCL,Dean Keeton/Whitis,2024-01,820
21st/Speedway @ PCL,Dean Keeton/Whitis,2024-02,1734
21st/Speedway @ PCL,Dean Keeton/Whitis,2024-03,1212
21st/Speedway @ PCL,Dean Keeton/Whitis,2024-04,1432
21st/Speedway @ PCL,Dean Keeton/Whitis,2024-05,370
21st/Speedway @ PCL,Dean Keeton/Whitis,2024-06,106
Zilker Park,Zilker Park,2014-02,6
Zilker Park,Zilker Park,2014-03,219
Zilker Park,Zilker Park,2014-04,223
Zilker Park,Zilker Park,2014-05,255
Zilker Park,Zilker Park,2014-06,191
Zilker Park,Zilker Park,2014-07,205
Zilker Park,Zilker Park,2014-08,135
Zilker Park,Zilker Park,2014-09,117
Zilker Park,Zilker Park,2014-10,187
Zilker Park,Zilker Park,2014-11,115
Zilker Park,Zilker Park,2014-12,68
Zilker Park,Zilker Park,2015-01,135
Zilker Park,Zilker Park,2015-02,106
Zilker Park,Zilker Park,2015-03,192
Zilker Park,Zilker Park,2015-04,251
Zilker Park,Zilker Park,2015-05,204
Zilker Park,Zilker Park,2015-06,181
Zilker Park,Zilker Park,2015-07,214
Zilker Park,Zilker Park,2015-08,145
Zilker Park,Zilker Park,2015-09,131
Zilker Park,Zilker Park,2015-10,82
Zilker Park,Zilker Park,2015-11,110
Zilker Park,Zilker Park,2015-12,82
Zilker Park,Zilker Park,2016-01,101
Zilker Park,Zilker Park,2016-02,210
Zilker Park,Zilker Park,2016-03,277
Zilker Park,Zilker Park,2016-04,180
Zilker Park,Zilker Park,2016-05,197
Zilker Park,Zilker Park,2016-06,156
Zilker Park,Zilker Park,2016-07,139
Zilker Park,Zilker Park,2016-08,71
Zilker Park,Zilker Park,2016-09,110
Zilker Park,Zilker Park,2016-10,137
Zilker Park,Zilker Park,2016-11,142
Zilker Park,Zilker Park,2016-12,79
Zilker Park,Zilker Park,2017-01,120
Zilker Park,Zilker Park,2017-02,98
Zilker Park,Zilker Park,2017-03,217
Zilker Park,Zilker Park,2017-04,264
Zilker Park,Zilker Park,2017-05,223
Zilker Park,Zilker Park,2017-06,205
Zilker Park,Zilker Park,2017-07,114
Zilker Park,Zilker Park,2017-08,116
Zilker Park,Zilker Park,2017-09,94
Zilker Park,Zilker Park,2017-10,46
Zilker Park,Zilker Park,2017-11,138
Zilker Park,Zilker Park,2017-12,51
Zilker Park,Zilker Park,2018-01,93
Zilker Park,Zilker Park,2018-02,62
Zilker Park,Zilker Park,2018-03,287
Zilker Park,Zilker Park,2018-04,198
Zilker Park,Zilker Park,2018-05,203
Zilker Park,Zilker Park,2018-06,156
Zilker Park,Zilker Park,2018-07,166
Zilker Park,Zilker Park,2018-08,71
Zilker Park,Zilker Park,2018-09,74
Zilker Park,Zilker Park,2018-10,25
Zilker Park,Zilker Park,2018-11,88
Zilker Park,Zilker Park,2018-12,61
Zilker Park,Zilker Park,2019-01,99
Zilker Park,Zilker Park,2019-02,142
Zilker Park,Zilker Park,2019-03,182
Zilker Park,Zilker Park,2019-04,146
Zilker Park,Zilker Park,2019-05,148
Zilker Park,Zilker Park,2019-06,80
Zilker Park,Zilker Park,2019-07,106
Zilker Park,Zilker Park,2019-08,57
Zilker Park,Zilker Park,2019-09,70
Zilker Park,Zilker Park,2019-10,28
Zilker Park,Zilker Park,2019-11,69
Zilker Park,Zilker Park,2019-12,83
Zilker Park,Zilker Park,2020-01,66
Zilker Park,Zilker Park,2020-02,76
Zilker Park,Zilker Park,2020-03,161
Zilker Park,Zilker Park,2020-04,88
Zilker Park,Zilker Park,2020-05,199
Zilker Park,Zilker Park,2020-06,131
Zilker Park,Zilker Park,2020-07,117
Zilker Park,Zilker Park,2020-08,122
Zilker Park,Zilker Park,2020-09,99
Zilker Park,Zilker Park,2020-10,133
Zilker Park,Zilker Park,2020-11,134
Zilker Park,Zilker Park,2020-12,103
Zilker Park,Zilker Park,2021-01,136
Zilker Park,Zilker Park,2021-02,65
Zilker Park,Zilker Park,2021-03,270
Zilker Park,Zilker Park,2021-04,212
Zilker Park,Zilker Park,2021-05,198
Zilker Park,Zilker Park,2021-06,154
Zilker Park,Zilker Park,2021-07,169
Zilker Park,Zilker Park,2021-08,133
Zilker Park,Zilker Park,2021-09,72
Zilker Park,Zilker Park,2021-10,78
Zilker Park,Zilker Park,2021-11,149
Zilker Park,Zilker Park,2021-12,146
Zilker Park,Zilker Park,2022-01,75
Zilker Park,Zilker Park,2022-02,58
Zilker Park,Zilker Park,2022-03,130
Zilker Park,Zilker Park,2022-04,138
Zilker Park,Zilker Park,2022-05,76
Zilker Park,Zilker Park,2022-06,109
Zilker Park,Zilker Park,2022-07,64
Zilker Park,Zilker Park,2022-08,56
Zilker Park,Zilker Park,2022-09,53
Zilker Park,Zilker Park,2022-10,25
Zilker Park,Zilker Park,2022-12,30
Zilker Park,Zilker Park,2023-01,70
Zilker Park,Zilker Park,2023-02,263
Zilker Park,Zilker Park,2023-03,82
Zilker Park,Zilker Park,2023-04,54
Zilker Park,Zilker Park,2023-05,351
Zilker Park,Zilker Park,2023-06,46
Zilker Park,Zilker Park,2023-07,309
Zilker Park,Zilker Park,2023-08,31
Zilker Park,Zilker Park,2023-09,45
Zilker Park,Zilker Park,2023-11,46
Zilker Park,Zilker Park,2023-12,37
Zilker Park,Zilker Park,2024-01,26
Zilker Park,Zilker Park,2024-02,50
Zilker Park,Zilker Park,2024-03,73
Zilker Park,Zilker Park,2024-04,110
Zilker Park,Zilker Park,2024-05,40
Zilker Park,Zilker Park,2024-06,39
21st/Speedway @ PCL,Dean Keeton/Speedway,2018-03,24
21st/Speedway @ PCL,Dean Keeton/Speedway,2018-04,6
21st/Speedway @ PCL,Dean Keeton/Speedway,2018-05,4
21st/Speedway @ PCL,Dean Keeton/Speedway,2018-06,4
21st/Speedway @ PCL,Dean Keeton/Speedway,2018-08,1
21st/Speedway @ PCL,Dean Keeton/Speedway,2018-10,1
21st/Speedway @ PCL,Dean Keeton/Speedway,2019-05,1
21st/Speedway @ PCL,Dean Keeton/Speedway,2020-01,63
21st/Speedway @ PCL,Dean Keeton/Speedway,2020-02,23
21st/Speedway @ PCL,Dean Keeton/Speedway,2020-06,3
21st/Speedway @ PCL,Dean Keeton/Speedway,2020-07,1
21st/Speedway @ PCL,Dean Keeton/Speedway,2020-08,10
21st/Speedway @ PCL,Dean Keeton/Speedway,2020-09,22
21st/Speedway @ PCL,Dean Keeton/Speedway,2020-10,29
21st/Speedway @ PCL,Dean Keeton/Speedway,2020-11,32
21st/Speedway @ PCL,Dean Keeton/Speedway,2020-12,2
21st/Speedway @ PCL,Dean Keeton/Speedway,2021-01,8
21st/Speedway @ PCL,Dean Keeton/Speedway,2021-02,13
21st/Speedway @ PCL,Dean Keeton/Speedway,2021-03,31
21st/Speedway @ PCL,Dean Keeton/Speedway,2021-04,64
21st/Speedway @ PCL,Dean Keeton/Speedway,2021-05,42
21st/Speedway @ PCL,Dean Keeton/Speedway,2021-06,30
21st/Speedway @ PCL,Dean Keeton/Speedway,2021-07,28
21st/Speedway @ PCL,Dean Keeton/Speedway,2021-08,131
21st/Speedway @ PCL,Dean Keeton/Speedway,2021-09,488
21st/Speedway @ PCL,Dean Keeton/Speedway,2021-10,435
21st/Speedway @ PCL,Dean Keeton/Speedway,2021-11,338
21st/Speedway @ PCL,Dean Keeton/Speedway,2021-12,168
21st/Speedway @ PCL,Dean Keeton/Speedway,2022-01,100
21st/Speedway @ PCL,Dean Keeton/Speedway,2022-02,434
21st/Speedway @ PCL,Dean Keeton/Speedway,2022-03,399
21st/Speedway @ PCL,Dean Keeton/Speedway,2022-04,592
21st/Speedway @ PCL,Dean Keeton/Speedway,2022-05,334
21st/Speedway @ PCL,Dean Keeton/Speedway,2022-06,150
21st/Speedway @ PCL,Dean Keeton/Speedway,2022-07,132
21st/Speedway @ PCL,Dean Keeton/Speedway,2022-08,326
21st/Speedway @ PCL,Dean Keeton/Speedway,2022-09,1140
21st/Speedway @ PCL,Dean Keeton/Speedway,2022-10,1269
21st/Speedway @ PCL,Dean Keeton/Speedway,2022-12,357
21st/Speedway @ PCL,Dean Keeton/Speedway,2023-01,595
21st/Speedway @ PCL,Dean Keeton/Speedway,2023-03,718
21st/Speedway @ PCL,Dean Keeton/Speedway,2023-04,772
21st/Speedway @ PCL,Dean Keeton/Speedway,2023-06,116
21st/Speedway @ PCL,Dean Keeton/Speedway,2023-08,304
21st/Speedway @ PCL,Dean Keeton/Speedway,2023-09,771
21st/Speedway @ PCL,Dean Keeton/Speedway,2023-10,858
21st/Speedway @ PCL,Dean Keeton/Speedway,2023-11,519
21st/Speedway @ PCL,Dean Keeton/Speedway,2023-12,182
21st/Speedway @ PCL,Dean Keeton/Speedway,2024-01,261
21st/Speedway @ PCL,Dean Keeton/Speedway,2024-02,704
21st/Speedway @ PCL,Dean Keeton/Speedway,2024-03,537
21st/Speedway @ PCL,Dean Keeton/Speedway,2024-04,692
21st/Speedway @ PCL,Dean Keeton/Speedway,2024-05,169
21st/Speedway @ PCL,Dean Keeton/Speedway,2024-06,159
Dean Keeton/Speedway,21st/Speedway @ PCL,2018-02,2
Dean Keeton/Speedway,21st/Speedway @ PCL,2018-03,21
Dean Keeton/Speedway,21st/Speedway @ PCL,2018-04,11
Dean Keeton/Speedway,21st/Speedway @ PCL,2018-05,5
Dean Keeton/Speedway,21st/Speedway @ PCL,2019-05,1
Dean Keeton/Speedway,21st/Speedway @ PCL,2020-01,54
Dean Keeton/Speedway,21st/Speedway @ PCL,2020-02,27
Dean Keeton/Speedway,21st/Speedway @ PCL,2020-06,5
Dean Keeton/Speedway,21st/Speedway @ PCL,2020-07,2
Dean Keeton/Speedway,21st/Speedway @ PCL,2020-08,6
Dean Keeton/Speedway,21st/Speedway @ PCL,2020-09,29
Dean Keeton/Speedway,21st/Speedway @ PCL,2020-10,49
Dean Keeton/Speedway,21st/Speedway @ PCL,2020-11,44
Dean Keeton/Speedway,21st/Speedway @ PCL,2020-12,8
Dean Keeton/Speedway,21st/Speedway @ PCL,2021-01,13
Dean Keeton/Speedway,21st/Speedway @ PCL,2021-02,11
Dean Keeton/Speedway,21st/Speedway @ PCL,2021-03,26
Dean Keeton/Speedway,21st/Speedway @ PCL,2021-04,56
Dean Keeton/Speedway,21st/Speedway @ PCL,2021-05,35
Dean Keeton/Speedway,21st/Speedway @ PCL,2021-06,20
Dean Keeton/Speedway,21st/Speedway @ PCL,2021-07,28
Dean Keeton/Speedway,21st/Speedway @ PCL,2021-08,139
Dean Keeton/Speedway,21st/Speedway @ PCL,2021-09,426
Dean Keeton/Speedway,21st/Speedway @ PCL,2021-10,428
Dean Keeton/Speedway,21st/Speedway @ PCL,2021-11,295
Dean Keeton/Speedway,21st/Speedway @ PCL,2021-12,120
Dean Keeton/Speedway,21st/Speedway @ PCL,2022-01,84
Dean Keeton/Speedway,21st/Speedway @ PCL,2022-02,386
Dean Keeton/Speedway,21st/Speedway @ PCL,2022-03,361
Dean Keeton/Speedway,21st/Speedway @ PCL,2022-04,513
Dean Keeton/Speedway,21st/Speedway @ PCL,2022-05,291
Dean Keeton/Speedway,21st/Speedway @ PCL,2022-06,170
Dean Keeton/Speedway,21st/Speedway @ PCL,2022-07,139
Dean Keeton/Speedway,21st/Speedway @ PCL,2022-08,313
Dean Keeton/Speedway,21st/Speedway @ PCL,2022-09,1052
Dean Keeton/Speedway,21st/Speedway @ PCL,2022-10,1112
Dean Keeton/Speedway,21st/Speedway @ PCL,2022-12,304
Dean Keeton/Speedway,21st/Speedway @ PCL,2023-01,526
Dean Keeton/Speedway,21st/Speedway @ PCL,2023-03,581
Dean Keeton/Speedway,21st/Speedway @ PCL,2023-04,611
Dean Keeton/Speedway,21st/Speedway @ PCL,2023-06,102
Dean Keeton/Speedway,21st/Speedway @ PCL,2023-08,305
Dean Keeton/Speedway,21st/Speedway @ PCL,2023-09,793
Dean Keeton/Speedway,21st/Speedway @ PCL,2023-10,787
Dean Keeton/Speedway,21st/Speedway @ PCL,2023-11,531
Dean Keeton/Speedway,21st/Speedway @ PCL,2023-12,167
Dean Keeton/Speedway,21st/Speedway @ PCL,2024-01,249
Dean Keeton/Speedway,21st/Speedway @ PCL,2024-02,531
Dean Keeton/Speedway,21st/Speedway @ PCL,2024-03,444
Dean Keeton/Speedway,21st/Speedway @ PCL,2024-04,562
Dean Keeton/Speedway,21st/Speedway @ PCL,2024-05,139
Dean Keeton/Speedway,21st/Speedway @ PCL,2024-06,144
21st & Speedway @PCL,Dean Keeton & Speedway ,2018-02,683
21st & Speedway @PCL,Dean Keeton & Speedway ,2018-04,2526
21st & Speedway @PCL,Dean Keeton & Speedway ,2018-05,1237
21st & Speedway @PCL,Dean Keeton & Speedway ,2018-06,305
21st & Speedway @PCL,Dean Keeton & Speedway ,2018-07,280
21st & Speedway @PCL,Dean Keeton & Speedway ,2018-08,535
21st & Speedway @PCL,Dean Keeton & Speedway ,2018-09,1899
21st & Speedway @PCL,Dean Keeton & Speedway ,2018-10,1370
21st & Speedway @PCL,Dean Keeton & Speedway ,2018-11,952
21st & Speedway @PCL,Dean Keeton & Speedway ,2018-12,550
21st & Speedway @PCL,Dean Keeton & Speedway ,2019-01,283
21st & Speedway @PCL,Dean Keeton & Speedway ,2019-02,552
21st & Speedway @PCL,Dean Keeton & Speedway ,2019-03,422
21st & Speedway @PCL,Dean Keeton & Speedway ,2019-04,499
21st & Speedway @PCL,Dean Keeton & Speedway ,2019-05,306
21st & Speedway @PCL,Dean Keeton & Speedway ,2019-06,81
21st & Speedway @PCL,Dean Keeton & Speedway ,2019-07,77
21st & Speedway @PCL,Dean Keeton & Speedway ,2019-08,74
21st & Speedway @PCL,Dean Keeton & Speedway ,2019-09,185
21st & Speedway @PCL,Dean Keeton & Speedway ,2019-10,193
21st & Speedway @PCL,Dean Keeton & Speedway ,2019-11,138
21st & Speedway @PCL,Dean Keeton & Speedway ,2019-12,61
21st & Speedway @PCL,Dean Keeton & Speedway ,2021-07,2
21st & Speedway @PCL,Dean Keeton & Speedway ,2021-08,2
21st & Speedway @PCL,Dean Keeton & Speedway ,2021-10,1
21st & Speedway @PCL,Dean Keeton & Speedway ,2022-04,2
21st & Speedway @PCL,Dean Keeton & Speedway ,2022-05,1
21st & Speedway @PCL,Dean Keeton & Speedway ,2022-06,1
21st & Speedway @PCL,Dean Keeton & Speedway ,2022-08,1
21st & Speedway @PCL,Dean Keeton & Speedway ,2022-09,1
21st & Speedway @PCL,Dean Keeton & Speedway ,2022-10,7
21st & Speedway @PCL,Dean Keeton & Speedway ,2023-04,1
21st & Speedway @PCL,Dean Keeton & Speedway ,2024-02,1
21st & Speedway @PCL,Dean Keeton & Speedway ,2024-03,6
21st & Speedway @PCL,Dean Keeton & Speedway ,2024-04,1
21st & Speedway @PCL,Dean Keeton & Speedway ,2024-05,1
Dean Keeton & Speedway ,21st & Speedway @PCL,2018-02,603
Dean Keeton & Speedway ,21st & Speedway @PCL,2018-04,2306
Dean Keeton & Speedway ,21st & Speedway @PCL,2018-05,1101
Dean Keeton & Speedway ,21st & Speedway @PCL,2018-06,308
Dean Keeton & Speedway ,21st & Speedway @PCL,2018-07,276
Dean Keeton & Speedway ,21st & Speedway @PCL,2018-08,557
Dean Keeton & Speedway ,21st & Speedway @PCL,2018-09,1785
Dean Keeton & Speedway ,21st & Speedway @PCL,2018-10,1377
Dean Keeton & Speedway ,21st & Speedway @PCL,2018-11,944
Dean Keeton & Speedway ,21st & Speedway @PCL,2018-12,587
Dean Keeton & Speedway ,21st & Speedway @PCL,2019-01,292
Dean Keeton & Speedway ,21st & Speedway @PCL,2019-02,531
Dean Keeton & Speedway ,21st & Speedway @PCL,2019-03,438
Dean Keeton & Speedway ,21st & Speedway @PCL,2019-04,456
Dean Keeton & Speedway ,21st & Speedway @PCL,2019-05,295
Dean Keeton & Speedway ,21st & Speedway @PCL,2019-06,112
Dean Keeton & Speedway ,21st & Speedway @PCL,2019-07,105
Dean Keeton & Speedway ,21st & Speedway @PCL,2019-08,90
Dean Keeton & Speedway ,21st & Speedway @PCL,2019-09,217
Dean Keeton & Speedway ,21st & Speedway @PCL,2019-10,204
Dean Keeton & Speedway ,21st & Speedway @PCL,2019-11,128
Dean Keeton & Speedway ,21st & Speedway @PCL,2019-12,51
Dean Keeton & Speedway ,21st & Speedway @PCL,2020-08,3
Dean Keeton & Speedway ,21st & Speedway @PCL,2020-09,1
Dean Keeton & Speedway ,21st & Speedway @PCL,2021-04,1
Dean Keeton & Speedway ,21st & Speedway @PCL,2021-05,1
Dean Keeton & Speedway ,21st & Speedway @PCL,2021-09,2
Dean Keeton & Speedway ,21st & Speedway @PCL,2021-12,2
Dean Keeton & Speedway ,21st & Speedway @PCL,2022-02,2
Dean Keeton & Speedway ,21st & Speedway @PCL,2022-03,1
Dean Keeton & Speedway ,21st & Speedway @PCL,2022-04,3
Dean Keeton & Speedway ,21st & Speedway @PCL,2022-06,1
Dean Keeton & Speedway ,21st & Speedway @PCL,2022-08,1
Dean Keeton & Speedway ,21st & Speedway @PCL,2022-10,4
Dean Keeton & Speedway ,21st & Speedway @PCL,2023-04,5
Dean Keeton & Speedway ,21st & Speedway @PCL,2023-08,1
Dean Keeton & Speedway ,21st & Speedway @PCL,2023-11,1
Dean Keeton & Speedway ,21st & Speedway @PCL,2023-12,3
Dean Keeton & Speedway ,21st & Speedway @PCL,2024-02,1
Dean Keeton & Speedway ,21st & Speedway @PCL,2024-03,2
Dean Keeton & Speedway ,21st & Speedway @PCL,2024-04,1
Dean Keeton & Speedway ,21st & Speedway @PCL,2024-05,1
Dean Keeton & Speedway ,21st & Speedway @PCL,2024-06,3
26th/Nueces,21st/Speedway @ PCL,2018-02,317
26th/Nueces,21st/Speedway @ PCL,2018-03,829
26th/Nueces,21st/Speedway @ PCL,2018-04,859
26th/Nueces,21st/Speedway @ PCL,2018-05,465
26th/Nueces,21st/Speedway @ PCL,2018-06,266
26th/Nueces,21st/Speedway @ PCL,2018-07,241
26th/Nueces,21st/Speedway @ PCL,2018-08,329
26th/Nueces,21st/Speedway @ PCL,2018-09,713
26th/Nueces,21st/Speedway @ PCL,2018-10,452
26th/Nueces,21st/Speedway @ PCL,2018-11,266
26th/Nueces,21st/Speedway @ PCL,2018-12,117
26th/Nueces,21st/Speedway @ PCL,2019-01,116
26th/Nueces,21st/Speedway @ PCL,2019-02,127
26th/Nueces,21st/Speedway @ PCL,2019-03,91
26th/Nueces,21st/Speedway @ PCL,2019-04,95
26th/Nueces,21st/Speedway @ PCL,2019-05,66
26th/Nueces,21st/Speedway @ PCL,2019-06,70
26th/Nueces,21st/Speedway @ PCL,2019-07,48
26th/Nueces,21st/Speedway @ PCL,2019-08,51
26th/Nueces,21st/Speedway @ PCL,2019-09,88
26th/Nueces,21st/Speedway @ PCL,2019-10,41
26th/Nueces,21st/Speedway @ PCL,2019-11,33
26th/Nueces,21st/Speedway @ PCL,2019-12,27
26th/Nueces,21st/Speedway @ PCL,2020-01,21
26th/Nueces,21st/Speedway @ PCL,2020-02,35
26th/Nueces,21st/Speedway @ PCL,2020-03,28
26th/Nueces,21st/Speedway @ PCL,2020-04,1
26th/Nueces,21st/Speedway @ PCL,2020-05,1
26th/Nueces,21st/Speedway @ PCL,2020-06,4
26th/Nueces,21st/Speedway @ PCL,2020-08,8
26th/Nueces,21st/Speedway @ PCL,2020-09,15
26th/Nueces,21st/Speedway @ PCL,2020-10,51
26th/Nueces,21st/Speedway @ PCL,2020-11,62
26th/Nueces,21st/Speedway @ PCL,2020-12,20
26th/Nueces,21st/Speedway @ PCL,2021-01,50
26th/Nueces,21st/Speedway @ PCL,2021-02,58
26th/Nueces,21st/Speedway @ PCL,2021-03,76
26th/Nueces,21st/Speedway @ PCL,2021-04,81
26th/Nueces,21st/Speedway @ PCL,2021-05,80
26th/Nueces,21st/Speedway @ PCL,2021-06,48
26th/Nueces,21st/Speedway @ PCL,2021-07,72
26th/Nueces,21st/Speedway @ PCL,2021-08,103
26th/Nueces,21st/Speedway @ PCL,2021-09,329
26th/Nueces,21st/Speedway @ PCL,2021-10,368
26th/Nueces,21st/Speedway @ PCL,2021-11,245
26th/Nueces,21st/Speedway @ PCL,2021-12,156
26th/Nueces,21st/Speedway @ PCL,2022-01,122
26th/Nueces,21st/Speedway @ PCL,2022-02,315
26th/Nueces,21st/Speedway @ PCL,2022-03,444
26th/Nueces,21st/Speedway @ PCL,2022-04,439
26th/Nueces,21st/Speedway @ PCL,2022-05,223
26th/Nueces,21st/Speedway @ PCL,2022-06,151
26th/Nueces,21st/Speedway @ PCL,2022-07,144
26th/Nueces,21st/Speedway @ PCL,2022-08,352
26th/Nueces,21st/Speedway @ PCL,2022-09,697
26th/Nueces,21st/Speedway @ PCL,2022-10,727
26th/Nueces,21st/Speedway @ PCL,2022-12,239
26th/Nueces,21st/Speedway @ PCL,2023-01,307
26th/Nueces,21st/Speedway @ PCL,2023-03,313
26th/Nueces,21st/Speedway @ PCL,2023-04,413
26th/Nueces,21st/Speedway @ PCL,2023-06,149
26th/Nueces,21st/Speedway @ PCL,2023-08,260
26th/Nueces,21st/Speedway @ PCL,2023-09,534
26th/Nueces,21st/Speedway @ PCL,2023-10,526
26th/Nueces,21st/Speedway @ PCL,2023-11,392
26th/Nueces,21st/Speedway @ PCL,2023-12,240
26th/Nueces,21st/Speedway @ PCL,2024-01,248
26th/Nueces,21st/Speedway @ PCL,2024-02,461
26th/Nueces,21st/Speedway @ PCL,2024-03,365
26th/Nueces,21st/Speedway @ PCL,2024-04,433
26th/Nueces,21st/Speedway @ PCL,2024-05,166
26th/Nueces,21st/Speedway @ PCL,2024-06,198
Riverside/South Lamar,Riverside/South Lamar,2014-02,12
Riverside/South Lamar,Riverside/South Lamar,2014-03,244
Riverside/South Lamar,Riverside/South Lamar,2014-04,276
Riverside/South Lamar,Riverside/South Lamar,2014-05,468
Riverside/South Lamar,Riverside/South Lamar,2014-06,440
Riverside/South Lamar,Riverside/South Lamar,2014-07,598
Riverside/South Lamar,Riverside/South Lamar,2014-08,412
Riverside/South Lamar,Riverside/South Lamar,2014-09,324
Riverside/South Lamar,Riverside/South Lamar,2014-10,360
Riverside/South Lamar,Riverside/South Lamar,2014-11,242
Riverside/South Lamar,Riverside/South Lamar,2014-12,192
Riverside/South Lamar,Riverside/South Lamar,2015-01,288
Riverside/South Lamar,Riverside/South Lamar,2015-02,234
Riverside/South Lamar,Riverside/South Lamar,2015-03,350
Riverside/South Lamar,Riverside/South Lamar,2015-04,472
Riverside/South Lamar,Riverside/South Lamar,2015-05,476
Riverside/South Lamar,Riverside/South Lamar,2015-06,520
Riverside/South Lamar,Riverside/South Lamar,2015-07,518
Riverside/South Lamar,Riverside/South Lamar,2015-08,434
Riverside/South Lamar,Riverside/South Lamar,2015-09,418
Riverside/South Lamar,Riverside/South Lamar,2015-10,398
Riverside/South Lamar,Riverside/South Lamar,2015-11,176
Riverside/South Lamar,Riverside/South Lamar,2015-12,236
Riverside/South Lamar,Riverside/South Lamar,2016-01,338
Riverside/South Lamar,Riverside/South Lamar,2016-02,400
Riverside/South Lamar,Riverside/South Lamar,2016-03,520
Riverside/South Lamar,Riverside/South Lamar,2016-04,520
Riverside/South Lamar,Riverside/South Lamar,2016-05,516
Riverside/South Lamar,Riverside/South Lamar,2016-06,458
Riverside/South Lamar,Riverside/South Lamar,2016-07,558
Riverside/South Lamar,Riverside/South Lamar,2016-08,336
Riverside/South Lamar,Riverside/South Lamar,2016-09,388
Riverside/South Lamar,Riverside/South Lamar,2016-10,418
Riverside/South Lamar,Riverside/South Lamar,2016-11,382
Riverside/South Lamar,Riverside/South Lamar,2016-12,220
Riverside/South Lamar,Riverside/South Lamar,2017-01,368
Riverside/South Lamar,Riverside/South Lamar,2017-02,394
Riverside/South Lamar,Riverside/South Lamar,2017-03,440
Riverside/South Lamar,Riverside/South Lamar,2017-04,574
Riverside/South Lamar,Riverside/South Lamar,2017-05,446
Riverside/South Lamar,Riverside/South Lamar,2017-06,410
Riverside/South Lamar,Riverside/South Lamar,2017-07,356
Riverside/South Lamar,Riverside/South Lamar,2017-08,240
Riverside/South Lamar,Riverside/South Lamar,2017-09,394
Riverside/South Lamar,Riverside/South Lamar,2017-10,280
Riverside/South Lamar,Riverside/South Lamar,2017-11,368
Riverside/South Lamar,Riverside/South Lamar,2017-12,268
Riverside/South Lamar,Riverside/South Lamar,2018-01,266
Riverside/South Lamar,Riverside/South Lamar,2018-02,314
Riverside/South Lamar,Riverside/South Lamar,2018-03,706
Riverside/South Lamar,Riverside/South Lamar,2018-04,652
Riverside/South Lamar,Riverside/South Lamar,2018-05,416
Riverside/South Lamar,Riverside/South Lamar,2018-06,422
Riverside/South Lamar,Riverside/South Lamar,2018-07,348
Riverside/South Lamar,Riverside/South Lamar,2018-08,300
Riverside/South Lamar,Riverside/South Lamar,2018-09,228
Riverside/South Lamar,Riverside/South Lamar,2018-10,140
Riverside/South Lamar,Riverside/South Lamar,2018-11,244
Riverside/South Lamar,Riverside/South Lamar,2018-12,174
Riverside/South Lamar,Riverside/South Lamar,2019-01,230
Riverside/South Lamar,Riverside/South Lamar,2019-02,198
Riverside/South Lamar,Riverside/South Lamar,2019-03,270
Riverside/South Lamar,Riverside/South Lamar,2019-04,298
Riverside/South Lamar,Riverside/South Lamar,2019-05,302
Riverside/South Lamar,Riverside/South Lamar,2019-06,326
Riverside/South Lamar,Riverside/South Lamar,2019-07,352
Riverside/South Lamar,Riverside/South Lamar,2019-08,254
Riverside/South Lamar,Riverside/South Lamar,2019-09,212
Riverside/South Lamar,Riverside/South Lamar,2019-10,136
Riverside/South Lamar,Riverside/South Lamar,2019-11,154
Riverside/South Lamar,Riverside/South Lamar,2019-12,186
Riverside/South Lamar,Riverside/South Lamar,2020-01,164
Riverside/South Lamar,Riverside/South Lamar,2020-02,166
Riverside/South Lamar,Riverside/South Lamar,2020-03,268
Riverside/South Lamar,Riverside/South Lamar,2020-04,146
Riverside/South Lamar,Riverside/South Lamar,2020-05,338
Riverside/South Lamar,Riverside/South Lamar,2020-06,200
Riverside/South Lamar,Riverside/South Lamar,2020-07,172
Riverside/South Lamar,Riverside/South Lamar,2020-08,230
Riverside/South Lamar,Riverside/South Lamar,2020-09,224
Riverside/South Lamar,Riverside/South Lamar,2020-10,228
Riverside/South Lamar,Riverside/South Lamar,2020-11,242
Riverside/South Lamar,Riverside/South Lamar,2020-12,158
Riverside/South Lamar,Riverside/South Lamar,2021-01,170
Riverside/South Lamar,Riverside/South Lamar,2021-02,92
Riverside/South Lamar,Riverside/South Lamar,2021-03,228
Riverside/South Lamar,Riverside/South Lamar,2021-04,274
Riverside/South Lamar,Riverside/South Lamar,2021-05,348
Riverside/South Lamar,Riverside/South Lamar,2021-06,220
Riverside/South Lamar,Riverside/South Lamar,2021-07,324
Riverside/South Lamar,Riverside/South Lamar,2021-08,254
Riverside/South Lamar,Riverside/South Lamar,2021-09,250
Riverside/South Lamar,Riverside/South Lamar,2021-10,216
Riverside/South Lamar,Riverside/South Lamar,2021-11,224
Riverside/South Lamar,Riverside/South Lamar,2021-12,164
Riverside/South Lamar,Riverside/South Lamar,2022-01,116
Riverside/South Lamar,Riverside/South Lamar,2022-02,108
Riverside/South Lamar,Riverside/South Lamar,2022-03,198
Riverside/South Lamar,Riverside/South Lamar,2022-04,316
Riverside/South Lamar,Riverside/South Lamar,2022-05,204
Riverside/South Lamar,Riverside/South Lamar,2022-06,128
Riverside/South Lamar,Riverside/South Lamar,2022-07,212
Riverside/South Lamar,Riverside/South Lamar,2022-08,144
Riverside/South Lamar,Riverside/South Lamar,2022-09,146
Riverside/South Lamar,Riverside/South Lamar,2022-10,186
Riverside/South Lamar,Riverside/South Lamar,2022-12,98
Riverside/South Lamar,Riverside/South Lamar,2023-01,188
Riverside/South Lamar,Riverside/South Lamar,2023-02,728
Riverside/South Lamar,Riverside/South Lamar,2023-03,228
Riverside/South Lamar,Riverside/South Lamar,2023-04,140
Riverside/South Lamar,Riverside/South Lamar,2023-05,894
Riverside/South Lamar,Riverside/South Lamar,2023-06,188
Riverside/South Lamar,Riverside/South Lamar,2023-07,800
Riverside/South Lamar,Riverside/South Lamar,2023-08,146
Riverside/South Lamar,Riverside/South Lamar,2023-09,90
Riverside/South Lamar,Riverside/South Lamar,2023-10,104
Riverside/South Lamar,Riverside/South Lamar,2023-11,98
Riverside/South Lamar,Riverside/South Lamar,2023-12,132
Riverside/South Lamar,Riverside/South Lamar,2024-01,70
Riverside/South Lamar,Riverside/South Lamar,2024-02,126
Riverside/South Lamar,Riverside/South Lamar,2024-03,256
Riverside/South Lamar,Riverside/South Lamar,2024-04,158
Riverside/South Lamar,Riverside/South Lamar,2024-05,108
Riverside/South Lamar,Riverside/South Lamar,2024-06,162
Dean Keeton & Whitis,21st & Speedway @PCL,2018-02,1308
Dean Keeton & Whitis,21st & Speedway @PCL,2018-03,3098
Dean Keeton & Whitis,21st & Speedway @PCL,2018-04,2912
Dean Keeton & Whitis,21st & Speedway @PCL,2018-05,1434
Dean Keeton & Whitis,21st & Speedway @PCL,2018-06,426
Dean Keeton & Whitis,21st & Speedway @PCL,2018-07,364
Dean Keeton & Whitis,21st & Speedway @PCL,2018-08,1088
Dean Keeton & Whitis,21st & Speedway @PCL,2018-09,3440
Dean Keeton & Whitis,21st & Speedway @PCL,2018-10,2132
Dean Keeton & Whitis,21st & Speedway @PCL,2018-11,1196
Dean Keeton & Whitis,21st & Speedway @PCL,2018-12,198
Dean Keeton & Whitis,21st & Speedway @PCL,2019-03,120
Dean Keeton & Whitis,21st & Speedway @PCL,2019-04,264
Dean Keeton & Whitis,21st & Speedway @PCL,2019-05,154
Dean Keeton & Whitis,21st & Speedway @PCL,2019-06,88
Dean Keeton & Whitis,21st & Speedway @PCL,2019-07,98
Dean Keeton & Whitis,21st & Speedway @PCL,2019-08,110
Dean Keeton & Whitis,21st & Speedway @PCL,2019-09,160
Dean Keeton & Whitis,21st & Speedway @PCL,2019-10,168
Dean Keeton & Whitis,21st & Speedway @PCL,2019-11,80
Dean Keeton & Whitis,21st & Speedway @PCL,2019-12,60
Dean Keeton & Whitis,21st & Speedway @PCL,2020-01,32
Dean Keeton & Whitis,21st & Speedway @PCL,2020-02,106
Dean Keeton & Whitis,21st & Speedway @PCL,2020-03,134
Dean Keeton & Whitis,21st & Speedway @PCL,2020-05,2
Dean Keeton & Whitis,21st & Speedway @PCL,2020-06,10
Dean Keeton & Whitis,21st & Speedway @PCL,2020-07,8
Dean Keeton & Whitis,21st & Speedway @PCL,2020-08,14
Dean Keeton & Whitis,21st & Speedway @PCL,2020-09,48
Dean Keeton & Whitis,21st & Speedway @PCL,2020-10,36
Dean Keeton & Whitis,21st & Speedway @PCL,2020-11,40
Dean Keeton & Whitis,21st & Speedway @PCL,2020-12,2
Dean Keeton & Whitis,21st & Speedway @PCL,2021-01,38
Dean Keeton & Whitis,21st & Speedway @PCL,2021-02,126
Dean Keeton & Whitis,21st & Speedway @PCL,2021-03,256
Dean Keeton & Whitis,21st & Speedway @PCL,2021-04,396
Dean Keeton & Whitis,21st & Speedway @PCL,2021-05,192
Dean Keeton & Whitis,21st & Speedway @PCL,2021-06,24
Dean Keeton & Whitis,21st & Speedway @PCL,2021-07,18
Dean Keeton & Whitis,21st & Speedway @PCL,2021-08,382
Dean Keeton & Whitis,21st & Speedway @PCL,2021-09,1772
Dean Keeton & Whitis,21st & Speedway @PCL,2021-10,1778
Dean Keeton & Whitis,21st & Speedway @PCL,2021-11,1312
Dean Keeton & Whitis,21st & Speedway @PCL,2021-12,704
Dean Keeton & Whitis,21st & Speedway @PCL,2022-01,606
Dean Keeton & Whitis,21st & Speedway @PCL,2022-02,1072
Dean Keeton & Whitis,21st & Speedway @PCL,2022-03,1388
Dean Keeton & Whitis,21st & Speedway @PCL,2022-04,1878
Dean Keeton & Whitis,21st & Speedway @PCL,2022-05,900
Dean Keeton & Whitis,21st & Speedway @PCL,2022-06,170
Dean Keeton & Whitis,21st & Speedway @PCL,2022-07,166
Dean Keeton & Whitis,21st & Speedway @PCL,2022-08,822
Dean Keeton & Whitis,21st & Speedway @PCL,2022-09,1564
Dean Keeton & Whitis,21st & Speedway @PCL,2022-10,1722
Dean Keeton & Whitis,21st & Speedway @PCL,2022-12,406
Dean Keeton & Whitis,21st & Speedway @PCL,2023-01,596
Dean Keeton & Whitis,21st & Speedway @PCL,2023-03,710
Dean Keeton & Whitis,21st & Speedway @PCL,2023-04,874
Dean Keeton & Whitis,21st & Speedway @PCL,2023-06,176
Dean Keeton & Whitis,21st & Speedway @PCL,2023-08,582
Dean Keeton & Whitis,21st & Speedway @PCL,2023-09,1770
Dean Keeton & Whitis,21st & Speedway @PCL,2023-10,2166
Dean Keeton & Whitis,21st & Speedway @PCL,2023-11,1346
Dean Keeton & Whitis,21st & Speedway @PCL,2023-12,650
Dean Keeton & Whitis,21st & Speedway @PCL,2024-01,820
Dean Keeton & Whitis,21st & Speedway @PCL,2024-02,1776
Dean Keeton & Whitis,21st & Speedway @PCL,2024-03,1248
Dean Keeton & Whitis,21st & Speedway @PCL,2024-04,1484
Dean Keeton & Whitis,21st & Speedway @PCL,2024-05,428
Dean Keeton & Whitis,21st & Speedway @PCL,2024-06,134
21st & Speedway @PCL,21st & Speedway @PCL,2018-02,1788
21st & Speedway @PCL,21st & Speedway @PCL,2018-03,3986
21st & Speedway @PCL,21st & Speedway @PCL,2018-04,2984
21st & Speedway @PCL,21st & Speedway @PCL,2018-05,1518
21st & Speedway @PCL,21st & Speedway @PCL,2018-06,462
21st & Speedway @PCL,21st & Speedway @PCL,2018-07,252
21st & Speedway @PCL,21st & Speedway @PCL,2018-08,1250
21st & Speedway @PCL,21st & Speedway @PCL,2018-09,2260
21st & Speedway @PCL,21st & Speedway @PCL,2018-10,1204
21st & Speedway @PCL,21st & Speedway @PCL,2018-11,734
21st & Speedway @PCL,21st & Speedway @PCL,2018-12,448
21st & Speedway @PCL,21st & Speedway @PCL,2019-01,186
21st & Speedway @PCL,21st & Speedway @PCL,2019-02,284
21st & Speedway @PCL,21st & Speedway @PCL,2019-03,304
21st & Speedway @PCL,21st & Speedway @PCL,2019-04,262
21st & Speedway @PCL,21st & Speedway @PCL,2019-05,192
21st & Speedway @PCL,21st & Speedway @PCL,2019-06,110
21st & Speedway @PCL,21st & Speedway @PCL,2019-07,66
21st & Speedway @PCL,21st & Speedway @PCL,2019-08,72
21st & Speedway @PCL,21st & Speedway @PCL,2019-09,152
21st & Speedway @PCL,21st & Speedway @PCL,2019-10,110
21st & Speedway @PCL,21st & Speedway @PCL,2019-11,76
21st & Speedway @PCL,21st & Speedway @PCL,2019-12,46
21st & Speedway @PCL,21st & Speedway @PCL,2020-01,22
21st & Speedway @PCL,21st & Speedway @PCL,2020-02,110
21st & Speedway @PCL,21st & Speedway @PCL,2020-03,76
21st & Speedway @PCL,21st & Speedway @PCL,2020-04,20
21st & Speedway @PCL,21st & Speedway @PCL,2020-05,14
21st & Speedway @PCL,21st & Speedway @PCL,2020-06,36
21st & Speedway @PCL,21st & Speedway @PCL,2020-07,32
21st & Speedway @PCL,21st & Speedway @PCL,2020-08,56
21st & Speedway @PCL,21st & Speedway @PCL,2020-09,116
21st & Speedway @PCL,21st & Speedway @PCL,2020-10,100
21st & Speedway @PCL,21st & Speedway @PCL,2020-11,88
21st & Speedway @PCL,21st & Speedway @PCL,2020-12,22
21st & Speedway @PCL,21st & Speedway @PCL,2021-01,70
21st & Speedway @PCL,21st & Speedway @PCL,2021-02,90
21st & Speedway @PCL,21st & Speedway @PCL,2021-03,128
21st & Speedway @PCL,21st & Speedway @PCL,2021-04,186
21st & Speedway @PCL,21st & Speedway @PCL,2021-05,152
21st & Speedway @PCL,21st & Speedway @PCL,2021-06,112
21st & Speedway @PCL,21st & Speedway @PCL,2021-07,90
21st & Speedway @PCL,21st & Speedway @PCL,2021-08,292
21st & Speedway @PCL,21st & Speedway @PCL,2021-09,520
21st & Speedway @PCL,21st & Speedway @PCL,2021-10,560
21st & Speedway @PCL,21st & Speedway @PCL,2021-11,340
21st & Speedway @PCL,21st & Speedway @PCL,2021-12,258
21st & Speedway @PCL,21st & Speedway @PCL,2022-01,158
21st & Speedway @PCL,21st & Speedway @PCL,2022-02,388
21st & Speedway @PCL,21st & Speedway @PCL,2022-03,306
21st & Speedway @PCL,21st & Speedway @PCL,2022-04,534
21st & Speedway @PCL,21st & Speedway @PCL,2022-05,386
21st & Speedway @PCL,21st & Speedway @PCL,2022-06,182
21st & Speedway @PCL,21st & Speedway @PCL,2022-07,158
21st & Speedway @PCL,21st & Speedway @PCL,2022-08,350
21st & Speedway @PCL,21st & Speedway @PCL,2022-09,694
21st & Speedway @PCL,21st & Speedway @PCL,2022-10,614
21st & Speedway @PCL,21st & Speedway @PCL,2022-12,256
21st & Speedway @PCL,21st & Speedway @PCL,2023-01,324
21st & Speedway @PCL,21st & Speedway @PCL,2023-02,4562
21st & Speedway @PCL,21st & Speedway @PCL,2023-03,292
21st & Speedway @PCL,21st & Speedway @PCL,2023-04,382
21st & Speedway @PCL,21st & Speedway @PCL,2023-05,1540
21st & Speedway @PCL,21st & Speedway @PCL,2023-06,162
21st & Speedway @PCL,21st & Speedway @PCL,2023-07,2272
21st & Speedway @PCL,21st & Speedway @PCL,2023-08,312
21st & Speedway @PCL,21st & Speedway @PCL,2023-09,578
21st & Speedway @PCL,21st & Speedway @PCL,2023-10,788
21st & Speedway @PCL,21st & Speedway @PCL,2023-11,416
21st & Speedway @PCL,21st & Speedway @PCL,2023-12,180
21st & Speedway @PCL,21st & Speedway @PCL,2024-01,162
21st & Speedway @PCL,21st & Speedway @PCL,2024-02,402
21st & Speedway @PCL,21st & Speedway @PCL,2024-03,372
21st & Speedway @PCL,21st & Speedway @PCL,2024-04,446
21st & Speedway @PCL,21st & Speedway @PCL,2024-05,144
21st & Speedway @PCL,21st & Speedway @PCL,2024-06,104
21st/Speedway @ PCL,21st/Guadalupe,2018-02,299
21st/Speedway @ PCL,21st/Guadalupe,2018-03,744
21st/Speedway @ PCL,21st/Guadalupe,2018-04,687
21st/Speedway @ PCL,21st/Guadalupe,2018-05,381
21st/Speedway @ PCL,21st/Guadalupe,2018-06,177
21st/Speedway @ PCL,21st/Guadalupe,2018-07,141
21st/Speedway @ PCL,21st/Guadalupe,2018-08,318
21st/Speedway @ PCL,21st/Guadalupe,2018-09,730
21st/Speedway @ PCL,21st/Guadalupe,2018-10,387
21st/Speedway @ PCL,21st/Guadalupe,2018-11,187
21st/Speedway @ PCL,21st/Guadalupe,2018-12,134
21st/Speedway @ PCL,21st/Guadalupe,2019-01,50
21st/Speedway @ PCL,21st/Guadalupe,2019-02,70
21st/Speedway @ PCL,21st/Guadalupe,2019-03,86
21st/Speedway @ PCL,21st/Guadalupe,2019-04,89
21st/Speedway @ PCL,21st/Guadalupe,2019-05,74
21st/Speedway @ PCL,21st/Guadalupe,2019-06,20
21st/Speedway @ PCL,21st/Guadalupe,2019-07,20
21st/Speedway @ PCL,21st/Guadalupe,2019-08,20
21st/Speedway @ PCL,21st/Guadalupe,2019-09,58
21st/Speedway @ PCL,21st/Guadalupe,2019-10,30
21st/Speedway @ PCL,21st/Guadalupe,2019-11,19
21st/Speedway @ PCL,21st/Guadalupe,2019-12,17
21st/Speedway @ PCL,21st/Guadalupe,2020-01,10
21st/Speedway @ PCL,21st/Guadalupe,2020-02,26
21st/Speedway @ PCL,21st/Guadalupe,2020-03,17
21st/Speedway @ PCL,21st/Guadalupe,2020-05,5
21st/Speedway @ PCL,21st/Guadalupe,2020-06,1
21st/Speedway @ PCL,21st/Guadalupe,2020-07,2
21st/Speedway @ PCL,21st/Guadalupe,2020-08,20
21st/Speedway @ PCL,21st/Guadalupe,2020-09,58
21st/Speedway @ PCL,21st/Guadalupe,2020-10,84
21st/Speedway @ PCL,21st/Guadalupe,2020-11,44
21st/Speedway @ PCL,21st/Guadalupe,2020-12,19
21st/Speedway @ PCL,21st/Guadalupe,2021-01,24
21st/Speedway @ PCL,21st/Guadalupe,2021-02,50
21st/Speedway @ PCL,21st/Guadalupe,2021-03,59
21st/Speedway @ PCL,21st/Guadalupe,2021-04,62
21st/Speedway @ PCL,21st/Guadalupe,2021-05,43
21st/Speedway @ PCL,21st/Guadalupe,2021-06,29
21st/Speedway @ PCL,21st/Guadalupe,2021-07,22
21st/Speedway @ PCL,21st/Guadalupe,2021-08,93
21st/Speedway @ PCL,21st/Guadalupe,2021-09,253
21st/Speedway @ PCL,21st/Guadalupe,2021-10,265
21st/Speedway @ PCL,21st/Guadalupe,2021-11,202
21st/Speedway @ PCL,21st/Guadalupe,2021-12,134
21st/Speedway @ PCL,21st/Guadalupe,2022-01,112
21st/Speedway @ PCL,21st/Guadalupe,2022-02,194
21st/Speedway @ PCL,21st/Guadalupe,2022-03,233
21st/Speedway @ PCL,21st/Guadalupe,2022-04,402
21st/Speedway @ PCL,21st/Guadalupe,2022-05,271
21st/Speedway @ PCL,21st/Guadalupe,2022-06,148
21st/Speedway @ PCL,21st/Guadalupe,2022-07,123
21st/Speedway @ PCL,21st/Guadalupe,2022-08,260
21st/Speedway @ PCL,21st/Guadalupe,2022-09,540
21st/Speedway @ PCL,21st/Guadalupe,2022-10,561
21st/Speedway @ PCL,21st/Guadalupe,2022-12,174
21st/Speedway @ PCL,21st/Guadalupe,2023-01,306
21st/Speedway @ PCL,21st/Guadalupe,2023-03,232
21st/Speedway @ PCL,21st/Guadalupe,2023-04,374
21st/Speedway @ PCL,21st/Guadalupe,2023-06,96
21st/Speedway @ PCL,21st/Guadalupe,2023-08,260
21st/Speedway @ PCL,21st/Guadalupe,2023-09,594
21st/Speedway @ PCL,21st/Guadalupe,2023-10,552
21st/Speedway @ PCL,21st/Guadalupe,2023-11,343
21st/Speedway @ PCL,21st/Guadalupe,2023-12,166
21st/Speedway @ PCL,21st/Guadalupe,2024-01,177
21st/Speedway @ PCL,21st/Guadalupe,2024-02,336
21st/Speedway @ PCL,21st/Guadalupe,2024-03,286
21st/Speedway @ PCL,21st/Guadalupe,2024-04,355
21st/Speedway @ PCL,21st/Guadalupe,2024-05,115
21st/Speedway @ PCL,21st/Guadalupe,2024-06,108
21st/Speedway @ PCL,26th/Nueces,2018-02,282
21st/Speedway @ PCL,26th/Nueces,2018-03,747
21st/Speedway @ PCL,26th/Nueces,2018-04,789
21st/Speedway @ PCL,26th/Nueces,2018-05,378
21st/Speedway @ PCL,26th/Nueces,2018-06,251
21st/Speedway @ PCL,26th/Nueces,2018-07,187
21st/Speedway @ PCL,26th/Nueces,2018-08,259
21st/Speedway @ PCL,26th/Nueces,2018-09,572
21st/Speedway @ PCL,26th/Nueces,2018-10,381
21st/Speedway @ PCL,26th/Nueces,2018-11,225
21st/Speedway @ PCL,26th/Nueces,2018-12,135
21st/Speedway @ PCL,26th/Nueces,2019-01,94
21st/Speedway @ PCL,26th/Nueces,2019-02,111
21st/Speedway @ PCL,26th/Nueces,2019-03,64
21st/Speedway @ PCL,26th/Nueces,2019-04,57
21st/Speedway @ PCL,26th/Nueces,2019-05,46
21st/Speedway @ PCL,26th/Nueces,2019-06,45
21st/Speedway @ PCL,26th/Nueces,2019-07,34
21st/Speedway @ PCL,26th/Nueces,2019-08,32
21st/Speedway @ PCL,26th/Nueces,2019-09,75
21st/Speedway @ PCL,26th/Nueces,2019-10,44
21st/Speedway @ PCL,26th/Nueces,2019-11,24
21st/Speedway @ PCL,26th/Nueces,2019-12,17
21st/Speedway @ PCL,26th/Nueces,2020-01,10
21st/Speedway @ PCL,26th/Nueces,2020-02,28
21st/Speedway @ PCL,26th/Nueces,2020-03,22
21st/Speedway @ PCL,26th/Nueces,2020-04,2
21st/Speedway @ PCL,26th/Nueces,2020-05,1
21st/Speedway @ PCL,26th/Nueces,2020-06,9
21st/Speedway @ PCL,26th/Nueces,2020-08,4
21st/Speedway @ PCL,26th/Nueces,2020-09,12
21st/Speedway @ PCL,26th/Nueces,2020-10,36
21st/Speedway @ PCL,26th/Nueces,2020-11,42
21st/Speedway @ PCL,26th/Nueces,2020-12,9
21st/Speedway @ PCL,26th/Nueces,2021-01,50
21st/Speedway @ PCL,26th/Nueces,2021-02,52
21st/Speedway @ PCL,26th/Nueces,2021-03,54
21st/Speedway @ PCL,26th/Nueces,2021-04,74
21st/Speedway @ PCL,26th/Nueces,2021-05,72
21st/Speedway @ PCL,26th/Nueces,2021-06,34
21st/Speedway @ PCL,26th/Nueces,2021-07,57
21st/Speedway @ PCL,26th/Nueces,2021-08,71
21st/Speedway @ PCL,26th/Nueces,2021-09,277
21st/Speedway @ PCL,26th/Nueces,2021-10,290
21st/Speedway @ PCL,26th/Nueces,2021-11,206
21st/Speedway @ PCL,26th/Nueces,2021-12,128
21st/Speedway @ PCL,26th/Nueces,2022-01,102
21st/Speedway @ PCL,26th/Nueces,2022-02,246
21st/Speedway @ PCL,26th/Nueces,2022-03,371
21st/Speedway @ PCL,26th/Nueces,2022-04,331
21st/Speedway @ PCL,26th/Nueces,2022-05,172
21st/Speedway @ PCL,26th/Nueces,2022-06,97
21st/Speedway @ PCL,26th/Nueces,2022-07,143
21st/Speedway @ PCL,26th/Nueces,2022-08,255
21st/Speedway @ PCL,26th/Nueces,2022-09,555
21st/Speedway @ PCL,26th/Nueces,2022-10,539
21st/Speedway @ PCL,26th/Nueces,2022-12,175
21st/Speedway @ PCL,26th/Nueces,2023-01,214
21st/Speedway @ PCL,26th/Nueces,2023-03,283
21st/Speedway @ PCL,26th/Nueces,2023-04,261
21st/Speedway @ PCL,26th/Nueces,2023-06,125
21st/Speedway @ PCL,26th/Nueces,2023-08,230
21st/Speedway @ PCL,26th/Nueces,2023-09,491
21st/Speedway @ PCL,26th/Nueces,2023-10,429
21st/Speedway @ PCL,26th/Nueces,2023-11,317
21st/Speedway @ PCL,26th/Nueces,2023-12,168
21st/Speedway @ PCL,26th/Nueces,2024-01,217
21st/Speedway @ PCL,26th/Nueces,2024-02,339
21st/Speedway @ PCL,26th/Nueces,2024-03,297
21st/Speedway @ PCL,26th/Nueces,2024-04,356
21st/Speedway @ PCL,26th/Nueces,2024-05,168
21st/Speedway @ PCL,26th/Nueces,2024-06,185
21st & Speedway @PCL,Dean Keeton & Whitis,2018-02,1276
21st & Speedway @PCL,Dean Keeton & Whitis,2018-03,2850
21st & Speedway @PCL,Dean Keeton & Whitis,2018-04,2718
21st & Speedway @PCL,Dean Keeton & Whitis,2018-05,1242
21st & Speedway @PCL,Dean Keeton & Whitis,2018-06,324
21st & Speedway @PCL,Dean Keeton & Whitis,2018-07,252
21st & Speedway @PCL,Dean Keeton & Whitis,2018-08,1064
21st & Speedway @PCL,Dean Keeton & Whitis,2018-09,3328
21st & Speedway @PCL,Dean Keeton & Whitis,2018-10,2006
21st & Speedway @PCL,Dean Keeton & Whitis,2018-11,1138
21st & Speedway @PCL,Dean Keeton & Whitis,2018-12,184
21st & Speedway @PCL,Dean Keeton & Whitis,2019-01,4
21st & Speedway @PCL,Dean Keeton & Whitis,2019-02,4
21st & Speedway @PCL,Dean Keeton & Whitis,2019-03,86
21st & Speedway @PCL,Dean Keeton & Whitis,2019-04,222
21st & Speedway @PCL,Dean Keeton & Whitis,2019-05,118
21st & Speedway @PCL,Dean Keeton & Whitis,2019-06,26
21st & Speedway @PCL,Dean Keeton & Whitis,2019-07,34
21st & Speedway @PCL,Dean Keeton & Whitis,2019-08,34
21st & Speedway @PCL,Dean Keeton & Whitis,2019-09,160
21st & Speedway @PCL,Dean Keeton & Whitis,2019-10,158
21st & Speedway @PCL,Dean Keeton & Whitis,2019-11,84
21st & Speedway @PCL,Dean Keeton & Whitis,2019-12,50
21st & Speedway @PCL,Dean Keeton & Whitis,2020-01,28
21st & Speedway @PCL,Dean Keeton & Whitis,2020-02,94
21st & Speedway @PCL,Dean Keeton & Whitis,2020-03,120
21st & Speedway @PCL,Dean Keeton & Whitis,2020-06,10
21st & Speedway @PCL,Dean Keeton & Whitis,2020-07,6
21st & Speedway @PCL,Dean Keeton & Whitis,2020-08,14
21st & Speedway @PCL,Dean Keeton & Whitis,2020-09,44
21st & Speedway @PCL,Dean Keeton & Whitis,2020-10,42
21st & Speedway @PCL,Dean Keeton & Whitis,2020-11,40
21st & Speedway @PCL,Dean Keeton & Whitis,2020-12,6
21st & Speedway @PCL,Dean Keeton & Whitis,2021-01,30
21st & Speedway @PCL,Dean Keeton & Whitis,2021-02,90
21st & Speedway @PCL,Dean Keeton & Whitis,2021-03,260
21st & Speedway @PCL,Dean Keeton & Whitis,2021-04,308
21st & Speedway @PCL,Dean Keeton & Whitis,2021-05,178
21st & Speedway @PCL,Dean Keeton & Whitis,2021-06,22
21st & Speedway @PCL,Dean Keeton & Whitis,2021-07,32
21st & Speedway @PCL,Dean Keeton & Whitis,2021-08,304
21st & Speedway @PCL,Dean Keeton & Whitis,2021-09,1704
21st & Speedway @PCL,Dean Keeton & Whitis,2021-10,1646
21st & Speedway @PCL,Dean Keeton & Whitis,2021-11,1148
21st & Speedway @PCL,Dean Keeton & Whitis,2021-12,638
21st & Speedway @PCL,Dean Keeton & Whitis,2022-01,532
21st & Speedway @PCL,Dean Keeton & Whitis,2022-02,918
21st & Speedway @PCL,Dean Keeton & Whitis,2022-03,1190
21st & Speedway @PCL,Dean Keeton & Whitis,2022-04,1636
21st & Speedway @PCL,Dean Keeton & Whitis,2022-05,784
21st & Speedway @PCL,Dean Keeton & Whitis,2022-06,184
21st & Speedway @PCL,Dean Keeton & Whitis,2022-07,132
21st & Speedway @PCL,Dean Keeton & Whitis,2022-08,778
21st & Speedway @PCL,Dean Keeton & Whitis,2022-09,1416
21st & Speedway @PCL,Dean Keeton & Whitis,2022-10,1582
21st & Speedway @PCL,Dean Keeton & Whitis,2022-12,360
21st & Speedway @PCL,Dean Keeton & Whitis,2023-01,490
21st & Speedway @PCL,Dean Keeton & Whitis,2023-03,646
21st & Speedway @PCL,Dean Keeton & Whitis,2023-04,796
21st & Speedway @PCL,Dean Keeton & Whitis,2023-06,146
21st & Speedway @PCL,Dean Keeton & Whitis,2023-08,526
21st & Speedway @PCL,Dean Keeton & Whitis,2023-09,1704
21st & Speedway @PCL,Dean Keeton & Whitis,2023-10,1990
21st & Speedway @PCL,Dean Keeton & Whitis,2023-11,1336
21st & Speedway @PCL,Dean Keeton & Whitis,2023-12,646
21st & Speedway @PCL,Dean Keeton & Whitis,2024-01,820
21st & Speedway @PCL,Dean Keeton & Whitis,2024-02,1734
21st & Speedway @PCL,Dean Keeton & Whitis,2024-03,1212
21st & Speedway @PCL,Dean Keeton & Whitis,2024-04,1432
21st & Speedway @PCL,Dean Keeton & Whitis,2024-05,370
21st & Speedway @PCL,Dean Keeton & Whitis,2024-06,106
22nd & Pearl,21st & Speedway @PCL,2018-02,573
22nd & Pearl,21st & Speedway @PCL,2018-03,1234
22nd & Pearl,21st & Speedway @PCL,2018-04,1331
22nd & Pearl,21st & Speedway @PCL,2018-05,756
22nd & Pearl,21st & Speedway @PCL,2018-06,495
22nd & Pearl,21st & Speedway @PCL,2018-07,446
22nd & Pearl,21st & Speedway @PCL,2018-08,568
22nd & Pearl,21st & Speedway @PCL,2018-09,971
22nd & Pearl,21st & Speedway @PCL,2018-10,601
22nd & Pearl,21st & Speedway @PCL,2018-11,352
22nd & Pearl,21st & Speedway @PCL,2018-12,160
22nd & Pearl,21st & Speedway @PCL,2019-01,91
22nd & Pearl,21st & Speedway @PCL,2019-02,162
22nd & Pearl,21st & Speedway @PCL,2019-03,144
22nd & Pearl,21st & Speedway @PCL,2019-04,184
22nd & Pearl,21st & Speedway @PCL,2019-05,122
22nd & Pearl,21st & Speedway @PCL,2019-06,115
22nd & Pearl,21st & Speedway @PCL,2019-07,95
22nd & Pearl,21st & Speedway @PCL,2019-08,93
22nd & Pearl,21st & Speedway @PCL,2019-09,89
22nd & Pearl,21st & Speedway @PCL,2019-10,88
22nd & Pearl,21st & Speedway @PCL,2019-11,53
22nd & Pearl,21st & Speedway @PCL,2019-12,39
22nd & Pearl,21st & Speedway @PCL,2020-01,14
22nd & Pearl,21st & Speedway @PCL,2020-02,23
22nd & Pearl,21st & Speedway @PCL,2020-03,25
22nd & Pearl,21st & Speedway @PCL,2020-04,2
22nd & Pearl,21st & Speedway @PCL,2020-05,12
22nd & Pearl,21st & Speedway @PCL,2020-06,1
22nd & Pearl,21st & Speedway @PCL,2020-07,7
22nd & Pearl,21st & Speedway @PCL,2020-08,13
22nd & Pearl,21st & Speedway @PCL,2020-09,31
22nd & Pearl,21st & Speedway @PCL,2020-10,44
22nd & Pearl,21st & Speedway @PCL,2020-11,49
22nd & Pearl,21st & Speedway @PCL,2020-12,12
22nd & Pearl,21st & Speedway @PCL,2021-01,27
22nd & Pearl,21st & Speedway @PCL,2021-02,71
22nd & Pearl,21st & Speedway @PCL,2021-03,90
22nd & Pearl,21st & Speedway @PCL,2021-04,119
22nd & Pearl,21st & Speedway @PCL,2021-05,69
22nd & Pearl,21st & Speedway @PCL,2021-06,57
22nd & Pearl,21st & Speedway @PCL,2021-07,66
22nd & Pearl,21st & Speedway @PCL,2021-08,124
22nd & Pearl,21st & Speedway @PCL,2021-09,419
22nd & Pearl,21st & Speedway @PCL,2021-10,367
22nd & Pearl,21st & Speedway @PCL,2021-11,266
22nd & Pearl,21st & Speedway @PCL,2021-12,197
22nd & Pearl,21st & Speedway @PCL,2022-01,131
Rainey/Cummings,Rainey/Cummings,2014-06,88
Rainey/Cummings,Rainey/Cummings,2014-07,119
Rainey/Cummings,Rainey/Cummings,2014-08,146
Rainey/Cummings,Rainey/Cummings,2014-09,117
Rainey/Cummings,Rainey/Cummings,2014-10,144
Rainey/Cummings,Rainey/Cummings,2014-11,87
Rainey/Cummings,Rainey/Cummings,2014-12,75
Rainey/Cummings,Rainey/Cummings,2015-01,78
Rainey/Cummings,Rainey/Cummings,2015-02,70
Rainey/Cummings,Rainey/Cummings,2015-03,169
Rainey/Cummings,Rainey/Cummings,2015-04,143
Rainey/Cummings,Rainey/Cummings,2015-05,132
Rainey/Cummings,Rainey/Cummings,2015-06,118
Rainey/Cummings,Rainey/Cummings,2015-07,172
Rainey/Cummings,Rainey/Cummings,2015-08,156
Rainey/Cummings,Rainey/Cummings,2015-09,147
Rainey/Cummings,Rainey/Cummings,2015-10,165
Rainey/Cummings,Rainey/Cummings,2015-11,71
Rainey/Cummings,Rainey/Cummings,2015-12,89
Rainey/Cummings,Rainey/Cummings,2016-01,90
Rainey/Cummings,Rainey/Cummings,2016-02,122
Rainey/Cummings,Rainey/Cummings,2016-03,245
Rainey/Cummings,Rainey/Cummings,2016-04,191
Rainey/Cummings,Rainey/Cummings,2016-05,196
Rainey/Cummings,Rainey/Cummings,2016-06,184
Rainey/Cummings,Rainey/Cummings,2016-07,214
Rainey/Cummings,Rainey/Cummings,2016-08,106
Rainey/Cummings,Rainey/Cummings,2016-09,144
Rainey/Cummings,Rainey/Cummings,2016-10,183
Rainey/Cummings,Rainey/Cummings,2016-11,107
Rainey/Cummings,Rainey/Cummings,2016-12,63
Rainey/Cummings,Rainey/Cummings,2017-01,82
Rainey/Cummings,Rainey/Cummings,2017-02,125
Rainey/Cummings,Rainey/Cummings,2017-03,180
Rainey/Cummings,Rainey/Cummings,2017-04,220
Rainey/Cummings,Rainey/Cummings,2017-05,170
Rainey/Cummings,Rainey/Cummings,2017-06,166
Rainey/Cummings,Rainey/Cummings,2017-07,170
Rainey/Cummings,Rainey/Cummings,2017-08,112
Rainey/Cummings,Rainey/Cummings,2017-09,160
Rainey/Cummings,Rainey/Cummings,2017-10,178
Rainey/Cummings,Rainey/Cummings,2017-11,183
Rainey/Cummings,Rainey/Cummings,2017-12,80
Rainey/Cummings,Rainey/Cummings,2018-01,95
Rainey/Cummings,Rainey/Cummings,2018-02,127
Rainey/Cummings,Rainey/Cummings,2018-03,217
Rainey/Cummings,Rainey/Cummings,2018-04,241
Rainey/Cummings,Rainey/Cummings,2018-05,172
Rainey/Cummings,Rainey/Cummings,2018-06,161
Rainey/Cummings,Rainey/Cummings,2018-07,110
Rainey/Cummings,Rainey/Cummings,2018-08,75
Rainey/Cummings,Rainey/Cummings,2018-09,89
Rainey/Cummings,Rainey/Cummings,2018-10,73
Rainey/Cummings,Rainey/Cummings,2018-11,85
Rainey/Cummings,Rainey/Cummings,2018-12,61
Rainey/Cummings,Rainey/Cummings,2019-01,68
Rainey/Cummings,Rainey/Cummings,2019-02,70
Rainey/Cummings,Rainey/Cummings,2019-03,107
Rainey/Cummings,Rainey/Cummings,2019-04,119
Rainey/Cummings,Rainey/Cummings,2019-05,98
Rainey/Cummings,Rainey/Cummings,2019-06,68
Rainey/Cummings,Rainey/Cummings,2019-07,97
Rainey/Cummings,Rainey/Cummings,2019-08,60
Rainey/Cummings,Rainey/Cummings,2019-09,69
Rainey/Cummings,Rainey/Cummings,2019-10,63
Rainey/Cummings,Rainey/Cummings,2019-11,45
Rainey/Cummings,Rainey/Cummings,2019-12,60
Rainey/Cummings,Rainey/Cummings,2020-01,58
Rainey/Cummings,Rainey/Cummings,2020-02,67
Rainey/Cummings,Rainey/Cummings,2020-03,75
Rainey/Cummings,Rainey/Cummings,2020-04,62
Rainey/Cummings,Rainey/Cummings,2020-05,137
Rainey/Cummings,Rainey/Cummings,2020-06,123
Rainey/Cummings,Rainey/Cummings,2020-07,152
Rainey/Cummings,Rainey/Cummings,2020-08,174
Rainey/Cummings,Rainey/Cummings,2020-09,153
Rainey/Cummings,Rainey/Cummings,2020-10,122
Rainey/Cummings,Rainey/Cummings,2020-11,83
Rainey/Cummings,Rainey/Cummings,2020-12,55
Rainey/Cummings,Rainey/Cummings,2021-01,81
Rainey/Cummings,Rainey/Cummings,2021-02,34
Rainey/Cummings,Rainey/Cummings,2021-03,147
Rainey/Cummings,Rainey/Cummings,2021-04,116
Rainey/Cummings,Rainey/Cummings,2021-05,129
Rainey/Cummings,Rainey/Cummings,2021-06,116
Rainey/Cummings,Rainey/Cummings,2021-07,99
Rainey/Cummings,Rainey/Cummings,2021-08,82
Rainey/Cummings,Rainey/Cummings,2021-09,98
Rainey/Cummings,Rainey/Cummings,2021-10,117
Rainey/Cummings,Rainey/Cummings,2021-11,146
Rainey/Cummings,Rainey/Cummings,2021-12,81
Rainey/Cummings,Rainey/Cummings,2022-01,62
Rainey/Cummings,Rainey/Cummings,2022-02,66
Rainey/Cummings,Rainey/Cummings,2022-03,97
Rainey/Cummings,Rainey/Cummings,2022-04,167
Rainey/Cummings,Rainey/Cummings,2022-05,116
Rainey/Cummings,Rainey/Cummings,2022-06,85
Rainey/Cummings,Rainey/Cummings,2022-07,131
Rainey/Cummings,Rainey/Cummings,2022-08,89
Rainey/Cummings,Rainey/Cummings,2022-09,95
Rainey/Cummings,Rainey/Cummings,2022-10,133
Rainey/Cummings,Rainey/Cummings,2022-12,58
Rainey/Cummings,Rainey/Cummings,2023-01,59
Rainey/Cummings,Rainey/Cummings,2023-02,435
Rainey/Cummings,Rainey/Cummings,2023-03,112
Rainey/Cummings,Rainey/Cummings,2023-04,180
Rainey/Cummings,Rainey/Cummings,2023-05,629
Rainey/Cummings,Rainey/Cummings,2023-06,121
Rainey/Cummings,Rainey/Cummings,2023-07,543
Rainey/Cummings,Rainey/Cummings,2023-08,56
Rainey/Cummings,Rainey/Cummings,2023-09,116
Rainey/Cummings,Rainey/Cummings,2023-10,89
Rainey/Cummings,Rainey/Cummings,2023-11,64
Rainey/Cummings,Rainey/Cummings,2023-12,85
Rainey/Cummings,Rainey/Cummings,2024-01,27
Rainey/Cummings,Rainey/Cummings,2024-02,70
Rainey/Cummings,Rainey/Cummings,2024-03,86
Rainey/Cummings,Rainey/Cummings,2024-04,102
Rainey/Cummings,Rainey/Cummings,2024-05,83
Rainey/Cummings,Rainey/Cummings,2024-06,69
23rd & Rio Grande,21st & Speedway @PCL,2018-02,369
23rd & Rio Grande,21st & Speedway @PCL,2018-03,1210
23rd & Rio Grande,21st & Speedway @PCL,2018-04,1372
23rd & Rio Grande,21st & Speedway @PCL,2018-05,873
23rd & Rio Grande,21st & Speedway @PCL,2018-06,577
23rd & Rio Grande,21st & Speedway @PCL,2018-07,488
23rd & Rio Grande,21st & Speedway @PCL,2018-08,384
23rd & Rio Grande,21st & Speedway @PCL,2018-09,982
23rd & Rio Grande,21st & Speedway @PCL,2018-10,559
23rd & Rio Grande,21st & Speedway @PCL,2018-11,329
23rd & Rio Grande,21st & Speedway @PCL,2018-12,138
23rd & Rio Grande,21st & Speedway @PCL,2019-01,114
23rd & Rio Grande,21st & Speedway @PCL,2019-02,123
23rd & Rio Grande,21st & Speedway @PCL,2019-03,106
23rd & Rio Grande,21st & Speedway @PCL,2019-04,154
23rd & Rio Grande,21st & Speedway @PCL,2019-05,80
23rd & Rio Grande,21st & Speedway @PCL,2019-06,42
23rd & Rio Grande,21st & Speedway @PCL,2019-07,59
23rd & Rio Grande,21st & Speedway @PCL,2019-08,40
23rd & Rio Grande,21st & Speedway @PCL,2019-09,78
23rd & Rio Grande,21st & Speedway @PCL,2019-10,73
23rd & Rio Grande,21st & Speedway @PCL,2019-11,46
23rd & Rio Grande,21st & Speedway @PCL,2019-12,23
23rd & Rio Grande,21st & Speedway @PCL,2020-01,27
23rd & Rio Grande,21st & Speedway @PCL,2020-02,57
23rd & Rio Grande,21st & Speedway @PCL,2020-03,32
23rd & Rio Grande,21st & Speedway @PCL,2020-04,1
23rd & Rio Grande,21st & Speedway @PCL,2020-05,3
23rd & Rio Grande,21st & Speedway @PCL,2020-06,5
23rd & Rio Grande,21st & Speedway @PCL,2020-07,3
23rd & Rio Grande,21st & Speedway @PCL,2020-08,18
23rd & Rio Grande,21st & Speedway @PCL,2020-09,71
23rd & Rio Grande,21st & Speedway @PCL,2020-10,80
23rd & Rio Grande,21st & Speedway @PCL,2020-11,69
23rd & Rio Grande,21st & Speedway @PCL,2020-12,40
23rd & Rio Grande,21st & Speedway @PCL,2021-01,45
23rd & Rio Grande,21st & Speedway @PCL,2021-02,52
23rd & Rio Grande,21st & Speedway @PCL,2021-03,59
23rd & Rio Grande,21st & Speedway @PCL,2021-04,105
23rd & Rio Grande,21st & Speedway @PCL,2021-05,72
23rd & Rio Grande,21st & Speedway @PCL,2021-06,23
23rd & Rio Grande,21st & Speedway @PCL,2021-07,67
23rd & Rio Grande,21st & Speedway @PCL,2021-08,157
23rd & Rio Grande,21st & Speedway @PCL,2021-09,302
Riverside @ S. Lamar,Riverside @ S. Lamar,2014-02,12
Riverside @ S. Lamar,Riverside @ S. Lamar,2014-03,244
Riverside @ S. Lamar,Riverside @ S. Lamar,2014-04,276
Riverside @ S. Lamar,Riverside @ S. Lamar,2014-05,468
Riverside @ S. Lamar,Riverside @ S. Lamar,2014-06,440
Riverside @ S. Lamar,Riverside @ S. Lamar,2014-07,598
Riverside @ S. Lamar,Riverside @ S. Lamar,2014-08,412
Riverside @ S. Lamar,Riverside @ S. Lamar,2014-09,324
Riverside @ S. Lamar,Riverside @ S. Lamar,2014-10,360
Riverside @ S. Lamar,Riverside @ S. Lamar,2014-11,242
Riverside @ S. Lamar,Riverside @ S. Lamar,2014-12,192
Riverside @ S. Lamar,Riverside @ S. Lamar,2015-01,288
Riverside @ S. Lamar,Riverside @ S. Lamar,2015-02,234
Riverside @ S. Lamar,Riverside @ S. Lamar,2015-03,350
Riverside @ S. Lamar,Riverside @ S. Lamar,2015-04,472
Riverside @ S. Lamar,Riverside @ S. Lamar,2015-05,476
Riverside @ S. Lamar,Riverside @ S. Lamar,2015-06,520
Riverside @ S. Lamar,Riverside @ S. Lamar,2015-07,518
Riverside @ S. Lamar,Riverside @ S. Lamar,2015-08,434
Riverside @ S. Lamar,Riverside @ S. Lamar,2015-09,418
Riverside @ S. Lamar,Riverside @ S. Lamar,2015-10,398
Riverside @ S. Lamar,Riverside @ S. Lamar,2015-11,176
Riverside @ S. Lamar,Riverside @ S. Lamar,2015-12,236
Riverside @ S. Lamar,Riverside @ S. Lamar,2016-01,338
Riverside @ S. Lamar,Riverside @ S. Lamar,2016-02,400
Riverside @ S. Lamar,Riverside @ S. Lamar,2016-03,520
Riverside @ S. Lamar,Riverside @ S. Lamar,2016-04,520
Riverside @ S. Lamar,Riverside @ S. Lamar,2016-05,516
Riverside @ S. Lamar,Riverside @ S. Lamar,2016-06,458
Riverside @ S. Lamar,Riverside @ S. Lamar,2016-07,558
Riverside @ S. Lamar,Riverside @ S. Lamar,2016-08,336
Riverside @ S. Lamar,Riverside @ S. Lamar,2016-09,388
Riverside @ S. Lamar,Riverside @ S. Lamar,2016-10,418
Riverside @ S. Lamar,Riverside @ S. Lamar,2016-11,382
Riverside @ S. Lamar,Riverside @ S. Lamar,2016-12,220
Riverside @ S. Lamar,Riverside @ S. Lamar,2017-01,368
Riverside @ S. Lamar,Riverside @ S. Lamar,2017-02,394
Riverside @ S. Lamar,Riverside @ S. Lamar,2017-03,440
Riverside @ S. Lamar,Riverside @ S. Lamar,2017-04,574
Riverside @ S. Lamar,Riverside @ S. Lamar,2017-05,446
Riverside @ S. Lamar,Riverside @ S. Lamar,2017-06,410
Riverside @ S. Lamar,Riverside @ S. Lamar,2017-07,356
Riverside @ S. Lamar,Riverside @ S. Lamar,2017-08,240
Riverside @ S. Lamar,Riverside @ S. Lamar,2017-09,394
Riverside @ S. Lamar,Riverside @ S. Lamar,2017-10,280
Riverside @ S. Lamar,Riverside @ S. Lamar,2017-11,368
Riverside @ S. Lamar,Riverside @ S. Lamar,2017-12,268
Riverside @ S. Lamar,Riverside @ S. Lamar,2018-01,266
Riverside @ S. Lamar,Riverside @ S. Lamar,2018-02,314
Riverside @ S. Lamar,Riverside @ S. Lamar,2018-03,706
Riverside @ S. Lamar,Riverside @ S. Lamar,2018-04,652
Riverside @ S. Lamar,Riverside @ S. Lamar,2018-05,416
Riverside @ S. Lamar,Riverside @ S. Lamar,2018-06,422
Riverside @ S. Lamar,Riverside @ S. Lamar,2018-07,348
Riverside @ S. Lamar,Riverside @ S. Lamar,2018-08,300
Riverside @ S. Lamar,Riverside @ S. Lamar,2018-09,228
Riverside @ S. Lamar,Riverside @ S. Lamar,2018-10,140
Riverside @ S. Lamar,Riverside @ S. Lamar,2018-11,244
Riverside @ S. Lamar,Riverside @ S. Lamar,2018-12,174
Riverside @ S. Lamar,Riverside @ S. Lamar,2019-01,230
Riverside @ S. Lamar,Riverside @ S. Lamar,2019-02,198
Riverside @ S. Lamar,Riverside @ S. Lamar,2019-03,270
Riverside @ S. Lamar,Riverside @ S. Lamar,2019-04,298
Riverside @ S. Lamar,Riverside @ S. Lamar,2019-05,302
Riverside @ S. Lamar,Riverside @ S. Lamar,2019-06,326
Riverside @ S. Lamar,Riverside @ S. Lamar,2019-07,352
Riverside @ S. Lamar,Riverside @ S. Lamar,2019-08,254
Riverside @ S. Lamar,Riverside @ S. Lamar,2019-09,212
Riverside @ S. Lamar,Riverside @ S. Lamar,2019-10,136
Riverside @ S. Lamar,Riverside @ S. Lamar,2019-11,154
Riverside @ S. Lamar,Riverside @ S. Lamar,2019-12,186
Riverside @ S. Lamar,Riverside @ S. Lamar,2020-01,164
Riverside @ S. Lamar,Riverside @ S. Lamar,2020-02,166
Riverside @ S. Lamar,Riverside @ S. Lamar,2020-03,268
Riverside @ S. Lamar,Riverside @ S. Lamar,2020-04,146
Riverside @ S. Lamar,Riverside @ S. Lamar,2020-05,338
Riverside @ S. Lamar,Riverside @ S. Lamar,2020-06,200
Riverside @ S. Lamar,Riverside @ S. Lamar,2020-07,172
Riverside @ S. Lamar,Riverside @ S. Lamar,2020-08,230
Riverside @ S. Lamar,Riverside @ S. Lamar,2020-09,224
Riverside @ S. Lamar,Riverside @ S. Lamar,2020-10,228
Riverside @ S. Lamar,Riverside @ S. Lamar,2020-11,242
Riverside @ S. Lamar,Riverside @ S. Lamar,2020-12,158
Riverside @ S. Lamar,Riverside @ S. Lamar,2021-01,170
Riverside @ S. Lamar,Riverside @ S. Lamar,2021-02,92
Riverside @ S. Lamar,Riverside @ S. Lamar,2021-03,228
Riverside @ S. Lamar,Riverside @ S. Lamar,2021-04,274
Riverside @ S. Lamar,Riverside @ S. Lamar,2021-05,348
Riverside @ S. Lamar,Riverside @ S. Lamar,2021-06,220
Riverside @ S. Lamar,Riverside @ S. Lamar,2021-07,324
Riverside @ S. Lamar,Riverside @ S. Lamar,2021-08,254
Riverside @ S. Lamar,Riverside @ S. Lamar,2021-09,250
Riverside @ S. Lamar,Riverside @ S. Lamar,2021-10,216
Riverside @ S. Lamar,Riverside @ S. Lamar,2021-11,224
Riverside @ S. Lamar,Riverside @ S. Lamar,2021-12,164
Riverside @ S. Lamar,Riverside @ S. Lamar,2022-01,116
Riverside @ S. Lamar,Riverside @ S. Lamar,2022-02,108
Riverside @ S. Lamar,Riverside @ S. Lamar,2022-03,198
Riverside @ S. Lamar,Riverside @ S. Lamar,2022-04,316
Riverside @ S. Lamar,Riverside @ S. Lamar,2022-05,204
Riverside @ S. Lamar,Riverside @ S. Lamar,2022-06,128
Riverside @ S. Lamar,Riverside @ S. Lamar,2022-07,212
Riverside @ S. Lamar,Riverside @ S. Lamar,2022-08,144
Riverside @ S. Lamar,Riverside @ S. Lamar,2022-09,146
Riverside @ S. Lamar,Riverside @ S. Lamar,2022-10,186
Riverside @ S. Lamar,Riverside @ S. Lamar,2022-12,98
Riverside @ S. Lamar,Riverside @ S. Lamar,2023-01,188
Riverside @ S. Lamar,Riverside @ S. Lamar,2023-02,728
Riverside @ S. Lamar,Riverside @ S. Lamar,2023-03,228
Riverside @ S. Lamar,Riverside @ S. Lamar,2023-04,140
Riverside @ S. Lamar,Riverside @ S. Lamar,2023-05,894
Riverside @ S. Lamar,Riverside @ S. Lamar,2023-06,188
Riverside @ S. Lamar,Riverside @ S. Lamar,2023-07,800
Riverside @ S. Lamar,Riverside @ S. Lamar,2023-08,146
Riverside @ S. Lamar,Riverside @ S. Lamar,2023-09,90
Riverside @ S. Lamar,Riverside @ S. Lamar,2023-10,104
Riverside @ S. Lamar,Riverside @ S. Lamar,2023-11,98
Riverside @ S. Lamar,Riverside @ S. Lamar,2023-12,132
Riverside @ S. Lamar,Riverside @ S. Lamar,2024-01,70
Riverside @ S. Lamar,Riverside @ S. Lamar,2024-02,126
Riverside @ S. Lamar,Riverside @ S. Lamar,2024-03,256
Riverside @ S. Lamar,Riverside @ S. Lamar,2024-04,158
Riverside @ S. Lamar,Riverside @ S. Lamar,2024-05,108
Riverside @ S. Lamar,Riverside @ S. Lamar,2024-06,162
Lakeshore/Austin Hostel,Lakeshore/Austin Hostel,2018-08,32
Lakeshore/Austin Hostel,Lakeshore/Austin Hostel,2018-09,53
Lakeshore/Austin Hostel,Lakeshore/Austin Hostel,2018-10,52
Lakeshore/Austin Hostel,Lakeshore/Austin Hostel,2018-11,48
Lakeshore/Austin Hostel,Lakeshore/Austin Hostel,2018-12,114
Lakeshore/Austin Hostel,Lakeshore/Austin Hostel,2019-01,74
Lakeshore/Austin Hostel,Lakeshore/Austin Hostel,2019-02,81
Lakeshore/Austin Hostel,Lakeshore/Austin Hostel,2019-03,109
Lakeshore/Austin Hostel,Lakeshore/Austin Hostel,2019-04,125
Lakeshore/Austin Hostel,Lakeshore/Austin Hostel,2019-05,93
Lakeshore/Austin Hostel,Lakeshore/Austin Hostel,2019-06,104
Lakeshore/Austin Hostel,Lakeshore/Austin Hostel,2019-07,130
Lakeshore/Austin Hostel,Lakeshore/Austin Hostel,2019-08,79
Lakeshore/Austin Hostel,Lakeshore/Austin Hostel,2019-09,74
Lakeshore/Austin Hostel,Lakeshore/Austin Hostel,2019-10,53
Lakeshore/Austin Hostel,Lakeshore/Austin Hostel,2019-11,53
Lakeshore/Austin Hostel,Lakeshore/Austin Hostel,2019-12,58
Lakeshore/Austin Hostel,Lakeshore/Austin Hostel,2020-01,67
Lakeshore/Austin Hostel,Lakeshore/Austin Hostel,2020-02,63
Lakeshore/Austin Hostel,Lakeshore/Austin Hostel,2020-03,126
Lakeshore/Austin Hostel,Lakeshore/Austin Hostel,2020-04,96
Lakeshore/Austin Hostel,Lakeshore/Austin Hostel,2020-05,177
Lakeshore/Austin Hostel,Lakeshore/Austin Hostel,2020-06,191
Lakeshore/Austin Hostel,Lakeshore/Austin Hostel,2020-07,180
Lakeshore/Austin Hostel,Lakeshore/Austin Hostel,2020-08,136
Lakeshore/Austin Hostel,Lakeshore/Austin Hostel,2020-09,148
Lakeshore/Austin Hostel,Lakeshore/Austin Hostel,2020-10,142
Lakeshore/Austin Hostel,Lakeshore/Austin Hostel,2020-11,162
Lakeshore/Austin Hostel,Lakeshore/Austin Hostel,2020-12,99
Lakeshore/Austin Hostel,Lakeshore/Austin Hostel,2021-01,160
Lakeshore/Austin Hostel,Lakeshore/Austin Hostel,2021-02,58
Lakeshore/Austin Hostel,Lakeshore/Austin Hostel,2021-03,210
Lakeshore/Austin Hostel,Lakeshore/Austin Hostel,2021-04,142
Lakeshore/Austin Hostel,Lakeshore/Austin Hostel,2021-05,183
Lakeshore/Austin Hostel,Lakeshore/Austin Hostel,2021-06,156
Lakeshore/Austin Hostel,Lakeshore/Austin Hostel,2021-07,179
Lakeshore/Austin Hostel,Lakeshore/Austin Hostel,2021-08,143
Lakeshore/Austin Hostel,Lakeshore/Austin Hostel,2021-09,163
Lakeshore/Austin Hostel,Lakeshore/Austin Hostel,2021-10,196
Lakeshore/Austin Hostel,Lakeshore/Austin Hostel,2021-11,140
Lakeshore/Austin Hostel,Lakeshore/Austin Hostel,2021-12,77
Lakeshore/Austin Hostel,Lakeshore/Austin Hostel,2022-01,55
Lakeshore/Austin Hostel,Lakeshore/Austin Hostel,2022-02,84
Lakeshore/Austin Hostel,Lakeshore/Austin Hostel,2022-03,191
Lakeshore/Austin Hostel,Lakeshore/Austin Hostel,2022-04,171
Lakeshore/Austin Hostel,Lakeshore/Austin Hostel,2022-05,154
Lakeshore/Austin Hostel,Lakeshore/Austin Hostel,2022-06,115
Lakeshore/Austin Hostel,Lakeshore/Austin Hostel,2022-07,172
Lakeshore/Austin Hostel,Lakeshore/Austin Hostel,2022-08,121
Lakeshore/Austin Hostel,Lakeshore/Austin Hostel,2022-09,154
Lakeshore/Austin Hostel,Lakeshore/Austin Hostel,2022-10,162
Lakeshore/Austin Hostel,Lakeshore/Austin Hostel,2022-12,68
Lakeshore/Austin Hostel,Lakeshore/Austin Hostel,2023-01,99
Lakeshore/Austin Hostel,Lakeshore/Austin Hostel,2023-02,301
Lakeshore/Austin Hostel,Lakeshore/Austin Hostel,2023-03,144
Lakeshore/Austin Hostel,Lakeshore/Austin Hostel,2023-04,100
Lakeshore/Austin Hostel,Lakeshore/Austin Hostel,2023-05,509
Lakeshore/Austin Hostel,Lakeshore/Austin Hostel,2023-06,105
Lakeshore/Austin Hostel,Lakeshore/Austin Hostel,2023-07,390
Lakeshore/Austin Hostel,Lakeshore/Austin Hostel,2023-08,68
Lakeshore/Austin Hostel,Lakeshore/Austin Hostel,2023-09,124
Lakeshore/Austin Hostel,Lakeshore/Austin Hostel,2023-10,103
Lakeshore/Austin Hostel,Lakeshore/Austin Hostel,2023-11,95
Lakeshore/Austin Hostel,Lakeshore/Austin Hostel,2023-12,100
Lakeshore/Austin Hostel,Lakeshore/Austin Hostel,2024-01,57
Lakeshore/Austin Hostel,Lakeshore/Austin Hostel,2024-02,129
Lakeshore/Austin Hostel,Lakeshore/Austin Hostel,2024-03,149
Lakeshore/Austin Hostel,Lakeshore/Austin Hostel,2024-04,135
Lakeshore/Austin Hostel,Lakeshore/Austin Hostel,2024-05,100
Lakeshore/Austin Hostel,Lakeshore/Austin Hostel,2024-06,97
21st/Guadalupe,21st/Speedway @ PCL,2018-02,251
21st/Guadalupe,21st/Speedway @ PCL,2018-03,684
21st/Guadalupe,21st/Speedway @ PCL,2018-04,730
21st/Guadalupe,21st/Speedway @ PCL,2018-05,421
21st/Guadalupe,21st/Speedway @ PCL,2018-06,220
21st/Guadalupe,21st/Speedway @ PCL,2018-07,196
21st/Guadalupe,21st/Speedway @ PCL,2018-08,305
21st/Guadalupe,21st/Speedway @ PCL,2018-09,663
21st/Guadalupe,21st/Speedway @ PCL,2018-10,373
21st/Guadalupe,21st/Speedway @ PCL,2018-11,204
21st/Guadalupe,21st/Speedway @ PCL,2018-12,126
21st/Guadalupe,21st/Speedway @ PCL,2019-01,51
21st/Guadalupe,21st/Speedway @ PCL,2019-02,115
21st/Guadalupe,21st/Speedway @ PCL,2019-03,111
21st/Guadalupe,21st/Speedway @ PCL,2019-04,103
21st/Guadalupe,21st/Speedway @ PCL,2019-05,63
21st/Guadalupe,21st/Speedway @ PCL,2019-06,46
21st/Guadalupe,21st/Speedway @ PCL,2019-07,40
21st/Guadalupe,21st/Speedway @ PCL,2019-08,34
21st/Guadalupe,21st/Speedway @ PCL,2019-09,87
21st/Guadalupe,21st/Speedway @ PCL,2019-10,45
21st/Guadalupe,21st/Speedway @ PCL,2019-11,26
21st/Guadalupe,21st/Speedway @ PCL,2019-12,17
21st/Guadalupe,21st/Speedway @ PCL,2020-01,16
21st/Guadalupe,21st/Speedway @ PCL,2020-02,30
21st/Guadalupe,21st/Speedway @ PCL,2020-03,21
21st/Guadalupe,21st/Speedway @ PCL,2020-05,4
21st/Guadalupe,21st/Speedway @ PCL,2020-06,1
21st/Guadalupe,21st/Speedway @ PCL,2020-07,2
21st/Guadalupe,21st/Speedway @ PCL,2020-08,18
21st/Guadalupe,21st/Speedway @ PCL,2020-09,65
21st/Guadalupe,21st/Speedway @ PCL,2020-10,80
21st/Guadalupe,21st/Speedway @ PCL,2020-11,44
21st/Guadalupe,21st/Speedway @ PCL,2020-12,11
21st/Guadalupe,21st/Speedway @ PCL,2021-01,39
21st/Guadalupe,21st/Speedway @ PCL,2021-02,42
21st/Guadalupe,21st/Speedway @ PCL,2021-03,53
21st/Guadalupe,21st/Speedway @ PCL,2021-04,45
21st/Guadalupe,21st/Speedway @ PCL,2021-05,31
21st/Guadalupe,21st/Speedway @ PCL,2021-06,24
21st/Guadalupe,21st/Speedway @ PCL,2021-07,10
21st/Guadalupe,21st/Speedway @ PCL,2021-08,62
21st/Guadalupe,21st/Speedway @ PCL,2021-09,227
21st/Guadalupe,21st/Speedway @ PCL,2021-10,195
21st/Guadalupe,21st/Speedway @ PCL,2021-11,155
21st/Guadalupe,21st/Speedway @ PCL,2021-12,89
21st/Guadalupe,21st/Speedway @ PCL,2022-01,75
21st/Guadalupe,21st/Speedway @ PCL,2022-02,170
21st/Guadalupe,21st/Speedway @ PCL,2022-03,170
21st/Guadalupe,21st/Speedway @ PCL,2022-04,311
21st/Guadalupe,21st/Speedway @ PCL,2022-05,182
21st/Guadalupe,21st/Speedway @ PCL,2022-06,140
21st/Guadalupe,21st/Speedway @ PCL,2022-07,85
21st/Guadalupe,21st/Speedway @ PCL,2022-08,175
21st/Guadalupe,21st/Speedway @ PCL,2022-09,418
21st/Guadalupe,21st/Speedway @ PCL,2022-10,450
21st/Guadalupe,21st/Speedway @ PCL,2022-12,163
21st/Guadalupe,21st/Speedway @ PCL,2023-01,239
21st/Guadalupe,21st/Speedway @ PCL,2023-03,191
21st/Guadalupe,21st/Speedway @ PCL,2023-04,324
21st/Guadalupe,21st/Speedway @ PCL,2023-06,96
21st/Guadalupe,21st/Speedway @ PCL,2023-08,225
21st/Guadalupe,21st/Speedway @ PCL,2023-09,432
21st/Guadalupe,21st/Speedway @ PCL,2023-10,415
21st/Guadalupe,21st/Speedway @ PCL,2023-11,253
21st/Guadalupe,21st/Speedway @ PCL,2023-12,134
21st/Guadalupe,21st/Speedway @ PCL,2024-01,152
21st/Guadalupe,21st/Speedway @ PCL,2024-02,289
21st/Guadalupe,21st/Speedway @ PCL,2024-03,213
21st/Guadalupe,21st/Speedway @ PCL,2024-04,285
21st/Guadalupe,21st/Speedway @ PCL,2024-05,103
21st/Guadalupe,21st/Speedway @ PCL,2024-06,77
21st & Speedway @PCL,23rd & Rio Grande,2018-02,349
21st & Speedway @PCL,23rd & Rio Grande,2018-03,1137
21st & Speedway @PCL,23rd & Rio Grande,2018-04,1222
21st & Speedway @PCL,23rd & Rio Grande,2018-05,821
21st & Speedway @PCL,23rd & Rio Grande,2018-06,518
21st & Speedway @PCL,23rd & Rio Grande,2018-07,410
21st & Speedway @PCL,23rd & Rio Grande,2018-08,334
21st & Speedway @PCL,23rd & Rio Grande,2018-09,886
21st & Speedway @PCL,23rd & Rio Grande,2018-10,521
21st & Speedway @PCL,23rd & Rio Grande,2018-11,331
21st & Speedway @PCL,23rd & Rio Grande,2018-12,142
21st & Speedway @PCL,23rd & Rio Grande,2019-01,72
21st & Speedway @PCL,23rd & Rio Grande,2019-02,97
21st & Speedway @PCL,23rd & Rio Grande,2019-03,93
21st & Speedway @PCL,23rd & Rio Grande,2019-04,112
21st & Speedway @PCL,23rd & Rio Grande,2019-05,72
21st & Speedway @PCL,23rd & Rio Grande,2019-06,28
21st & Speedway @PCL,23rd & Rio Grande,2019-07,34
21st & Speedway @PCL,23rd & Rio Grande,2019-08,39
21st & Speedway @PCL,23rd & Rio Grande,2019-09,79
21st & Speedway @PCL,23rd & Rio Grande,2019-10,53
21st & Speedway @PCL,23rd & Rio Grande,2019-11,39
21st & Speedway @PCL,23rd & Rio Grande,2019-12,16
21st & Speedway @PCL,23rd & Rio Grande,2020-01,19
21st & Speedway @PCL,23rd & Rio Grande,2020-02,41
21st & Speedway @PCL,23rd & Rio Grande,2020-03,30
21st & Speedway @PCL,23rd & Rio Grande,2020-04,1
21st & Speedway @PCL,23rd & Rio Grande,2020-05,4
21st & Speedway @PCL,23rd & Rio Grande,2020-06,3
21st & Speedway @PCL,23rd & Rio Grande,2020-07,2
21st & Speedway @PCL,23rd & Rio Grande,2020-08,13
21st & Speedway @PCL,23rd & Rio Grande,2020-09,61
21st & Speedway @PCL,23rd & Rio Grande,2020-10,72
21st & Speedway @PCL,23rd & Rio Grande,2020-11,51
21st & Speedway @PCL,23rd & Rio Grande,2020-12,26
21st & Speedway @PCL,23rd & Rio Grande,2021-01,34
21st & Speedway @PCL,23rd & Rio Grande,2021-02,36
21st & Speedway @PCL,23rd & Rio Grande,2021-03,56
21st & Speedway @PCL,23rd & Rio Grande,2021-04,78
21st & Speedway @PCL,23rd & Rio Grande,2021-05,72
21st & Speedway @PCL,23rd & Rio Grande,2021-06,23
21st & Speedway @PCL,23rd & Rio Grande,2021-07,57
21st & Speedway @PCL,23rd & Rio Grande,2021-08,141
21st & Speedway @PCL,23rd & Rio Grande,2021-09,282
21st/Speedway @ PCL,21st/Speedway @ PCL,2018-02,1788
21st/Speedway @ PCL,21st/Speedway @ PCL,2018-03,3986
21st/Speedway @ PCL,21st/Speedway @ PCL,2018-04,2984
21st/Speedway @ PCL,21st/Speedway @ PCL,2018-05,1518
21st/Speedway @ PCL,21st/Speedway @ PCL,2018-06,462
21st/Speedway @ PCL,21st/Speedway @ PCL,2018-07,252
21st/Speedway @ PCL,21st/Speedway @ PCL,2018-08,1250
21st/Speedway @ PCL,21st/Speedway @ PCL,2018-09,2260
21st/Speedway @ PCL,21st/Speedway @ PCL,2018-10,1204
21st/Speedway @ PCL,21st/Speedway @ PCL,2018-11,734
21st/Speedway @ PCL,21st/Speedway @ PCL,2018-12,448
21st/Speedway @ PCL,21st/Speedway @ PCL,2019-01,186
21st/Speedway @ PCL,21st/Speedway @ PCL,2019-02,284
21st/Speedway @ PCL,21st/Speedway @ PCL,2019-03,304
21st/Speedway @ PCL,21st/Speedway @ PCL,2019-04,262
21st/Speedway @ PCL,21st/Speedway @ PCL,2019-05,192
21st/Speedway @ PCL,21st/Speedway @ PCL,2019-06,110
21st/Speedway @ PCL,21st/Speedway @ PCL,2019-07,66
21st/Speedway @ PCL,21st/Speedway @ PCL,2019-08,72
21st/Speedway @ PCL,21st/Speedway @ PCL,2019-09,152
21st/Speedway @ PCL,21st/Speedway @ PCL,2019-10,110
21st/Speedway @ PCL,21st/Speedway @ PCL,2019-11,76
21st/Speedway @ PCL,21st/Speedway @ PCL,2019-12,46
21st/Speedway @ PCL,21st/Speedway @ PCL,2020-01,22
21st/Speedway @ PCL,21st/Speedway @ PCL,2020-02,110
21st/Speedway @ PCL,21st/Speedway @ PCL,2020-03,76
21st/Speedway @ PCL,21st/Speedway @ PCL,2020-04,20
21st/Speedway @ PCL,21st/Speedway @ PCL,2020-05,14
21st/Speedway @ PCL,21st/Speedway @ PCL,2020-06,36
21st/Speedway @ PCL,21st/Speedway @ PCL,2020-07,32
21st/Speedway @ PCL,21st/Speedway @ PCL,2020-08,56
21st/Speedway @ PCL,21st/Speedway @ PCL,2020-09,116
21st/Speedway @ PCL,21st/Speedway @ PCL,2020-10,100
21st/Speedway @ PCL,21st/Speedway @ PCL,2020-11,88
21st/Speedway @ PCL,21st/Speedway @ PCL,2020-12,22
21st/Speedway @ PCL,21st/Speedway @ PCL,2021-01,70
21st/Speedway @ PCL,21st/Speedway @ PCL,2021-02,90
21st/Speedway @ PCL,21st/Speedway @ PCL,2021-03,128
21st/Speedway @ PCL,21st/Speedway @ PCL,2021-04,186
21st/Speedway @ PCL,21st/Speedway @ PCL,2021-05,152
21st/Speedway @ PCL,21st/Speedway @ PCL,2021-06,112
21st/Speedway @ PCL,21st/Speedway @ PCL,2021-07,90
21st/Speedway @ PCL,21st/Speedway @ PCL,2021-08,292
21st/Speedway @ PCL,21st/Speedway @ PCL,2021-09,520
21st/Speedway @ PCL,21st/Speedway @ PCL,2021-10,560
21st/Speedway @ PCL,21st/Speedway @ PCL,2021-11,340
21st/Speedway @ PCL,21st/Speedway @ PCL,2021-12,258
21st/Speedway @ PCL,21st/Speedway @ PCL,2022-01,158
21st/Speedway @ PCL,21st/Speedway @ PCL,2022-02,388
21st/Speedway @ PCL,21st/Speedway @ PCL,2022-03,306
21st/Speedway @ PCL,21st/Speedway @ PCL,2022-04,534
21st/Speedway @ PCL,21st/Speedway @ PCL,2022-05,386
21st/Speedway @ PCL,21st/Speedway @ PCL,2022-06,182
21st/Speedway @ PCL,21st/Speedway @ PCL,2022-07,158
21st/Speedway @ PCL,21st/Speedway @ PCL,2022-08,350
21st/Speedway @ PCL,21st/Speedway @ PCL,2022-09,694
21st/Speedway @ PCL,21st/Speedway @ PCL,2022-10,614
21st/Speedway @ PCL,21st/Speedway @ PCL,2022-12,256
21st/Speedway @ PCL,21st/Speedway @ PCL,2023-01,324
21st/Speedway @ PCL,21st/Speedway @ PCL,2023-02,4562
21st/Speedway @ PCL,21st/Speedway @ PCL,2023-03,292
21st/Speedway @ PCL,21st/Speedway @ PCL,2023-04,382
21st/Speedway @ PCL,21st/Speedway @ PCL,2023-05,1540
21st/Speedway @ PCL,21st/Speedway @ PCL,2023-06,162
21st/Speedway @ PCL,21st/Speedway @ PCL,2023-07,2272
21st/Speedway @ PCL,21st/Speedway @ PCL,2023-08,312
21st/Speedway @ PCL,21st/Speedway @ PCL,2023-09,578
21st/Speedway @ PCL,21st/Speedway @ PCL,2023-10,788
21st/Speedway @ PCL,21st/Speedway @ PCL,2023-11,416
21st/Speedway @ PCL,21st/Speedway @ PCL,2023-12,180
21st/Speedway @ PCL,21st/Speedway @ PCL,2024-01,162
21st/Speedway @ PCL,21st/Speedway @ PCL,2024-02,402
21st/Speedway @ PCL,21st/Speedway @ PCL,2024-03,372
21st/Speedway @ PCL,21st/Speedway @ PCL,2024-04,446
21st/Speedway @ PCL,21st/Speedway @ PCL,2024-05,144
21st/Speedway @ PCL,21st/Speedway @ PCL,2024-06,104
21st/Speedway @ PCL,Guadalupe/West Mall @ University Co-op,2018-02,274
21st/Speedway @ PCL,Guadalupe/West Mall @ University Co-op,2018-03,685
21st/Speedway @ PCL,Guadalupe/West Mall @ University Co-op,2018-04,716
21st/Speedway @ PCL,Guadalupe/West Mall @ University Co-op,2018-05,450
21st/Speedway @ PCL,Guadalupe/West Mall @ University Co-op,2018-06,147
21st/Speedway @ PCL,Guadalupe/West Mall @ University Co-op,2018-07,125
21st/Speedway @ PCL,Guadalupe/West Mall @ University Co-op,2018-08,400
21st/Speedway @ PCL,Guadalupe/West Mall @ University Co-op,2018-09,776
21st/Speedway @ PCL,Guadalupe/West Mall @ University Co-op,2018-10,408
21st/Speedway @ PCL,Guadalupe/West Mall @ University Co-op,2018-11,245
21st/Speedway @ PCL,Guadalupe/West Mall @ University Co-op,2018-12,153
21st/Speedway @ PCL,Guadalupe/West Mall @ University Co-op,2019-01,64
21st/Speedway @ PCL,Guadalupe/West Mall @ University Co-op,2019-02,87
21st/Speedway @ PCL,Guadalupe/West Mall @ University Co-op,2019-03,77
21st/Speedway @ PCL,Guadalupe/West Mall @ University Co-op,2019-04,79
21st/Speedway @ PCL,Guadalupe/West Mall @ University Co-op,2019-05,54
21st/Speedway @ PCL,Guadalupe/West Mall @ University Co-op,2019-06,28
21st/Speedway @ PCL,Guadalupe/West Mall @ University Co-op,2019-07,24
21st/Speedway @ PCL,Guadalupe/West Mall @ University Co-op,2019-08,22
21st/Speedway @ PCL,Guadalupe/West Mall @ University Co-op,2019-09,38
21st/Speedway @ PCL,Guadalupe/West Mall @ University Co-op,2019-10,39
21st/Speedway @ PCL,Guadalupe/West Mall @ University Co-op,2019-11,19
21st/Speedway @ PCL,Guadalupe/West Mall @ University Co-op,2019-12,20
21st/Speedway @ PCL,Guadalupe/West Mall @ University Co-op,2020-01,12
21st/Speedway @ PCL,Guadalupe/West Mall @ University Co-op,2020-02,23
21st/Speedway @ PCL,Guadalupe/West Mall @ University Co-op,2020-03,18
21st/Speedway @ PCL,Guadalupe/West Mall @ University Co-op,2020-05,3
21st/Speedway @ PCL,Guadalupe/West Mall @ University Co-op,2020-06,2
21st/Speedway @ PCL,Guadalupe/West Mall @ University Co-op,2020-08,6
21st/Speedway @ PCL,Guadalupe/West Mall @ University Co-op,2020-09,17
21st/Speedway @ PCL,Guadalupe/West Mall @ University Co-op,2020-10,12
21st/Speedway @ PCL,Guadalupe/West Mall @ University Co-op,2020-11,17
21st/Speedway @ PCL,Guadalupe/West Mall @ University Co-op,2020-12,7
21st/Speedway @ PCL,Guadalupe/West Mall @ University Co-op,2021-01,19
21st/Speedway @ PCL,Guadalupe/West Mall @ University Co-op,2021-02,14
21st/Speedway @ PCL,Guadalupe/West Mall @ University Co-op,2021-03,42
21st/Speedway @ PCL,Guadalupe/West Mall @ University Co-op,2021-04,86
21st/Speedway @ PCL,Guadalupe/West Mall @ University Co-op,2021-05,59
21st/Speedway @ PCL,Guadalupe/West Mall @ University Co-op,2021-06,14
21st/Speedway @ PCL,Guadalupe/West Mall @ University Co-op,2021-07,35
21st/Speedway @ PCL,Guadalupe/West Mall @ University Co-op,2021-08,90
21st/Speedway @ PCL,Guadalupe/West Mall @ University Co-op,2021-09,214
21st/Speedway @ PCL,Guadalupe/West Mall @ University Co-op,2021-10,324
21st/Speedway @ PCL,Guadalupe/West Mall @ University Co-op,2021-11,242
21st/Speedway @ PCL,Guadalupe/West Mall @ University Co-op,2021-12,129
21st/Speedway @ PCL,Guadalupe/West Mall @ University Co-op,2022-01,142
21st/Speedway @ PCL,Guadalupe/West Mall @ University Co-op,2022-02,248
21st/Speedway @ PCL,Guadalupe/West Mall @ University Co-op,2022-03,242
21st/Speedway @ PCL,Guadalupe/West Mall @ University Co-op,2022-04,310
21st/Speedway @ PCL,Guadalupe/West Mall @ University Co-op,2022-05,191
21st/Speedway @ PCL,Guadalupe/West Mall @ University Co-op,2022-06,60
21st/Speedway @ PCL,Guadalupe/West Mall @ University Co-op,2022-07,70
21st/Speedway @ PCL,Guadalupe/West Mall @ University Co-op,2022-08,199
21st/Speedway @ PCL,Guadalupe/West Mall @ University Co-op,2022-09,413
21st/Speedway @ PCL,Guadalupe/West Mall @ University Co-op,2022-10,439
21st/Speedway @ PCL,Guadalupe/West Mall @ University Co-op,2022-12,122
21st/Speedway @ PCL,Guadalupe/West Mall @ University Co-op,2023-01,192
21st/Speedway @ PCL,Guadalupe/West Mall @ University Co-op,2023-03,185
21st/Speedway @ PCL,Guadalupe/West Mall @ University Co-op,2023-04,23
21st/Speedway @ PCL,Guadalupe/West Mall @ University Co-op,2023-08,73
21st/Speedway @ PCL,Guadalupe/West Mall @ University Co-op,2023-09,287
21st/Speedway @ PCL,Guadalupe/West Mall @ University Co-op,2023-10,365
21st/Speedway @ PCL,Guadalupe/West Mall @ University Co-op,2023-11,243
21st/Speedway @ PCL,Guadalupe/West Mall @ University Co-op,2023-12,138
21st/Speedway @ PCL,Guadalupe/West Mall @ University Co-op,2024-01,154
21st/Speedway @ PCL,Guadalupe/West Mall @ University Co-op,2024-02,285
21st/Speedway @ PCL,Guadalupe/West Mall @ University Co-op,2024-03,249
21st/Speedway @ PCL,Guadalupe/West Mall @ University Co-op,2024-04,286
21st/Speedway @ PCL,Guadalupe/West Mall @ University Co-op,2024-05,94
21st/Speedway @ PCL,Guadalupe/West Mall @ University Co-op,2024-06,57
Guadalupe/West Mall @ University Co-op,21st/Speedway @ PCL,2018-02,271
Guadalupe/West Mall @ University Co-op,21st/Speedway @ PCL,2018-03,760
Guadalupe/West Mall @ University Co-op,21st/Speedway @ PCL,2018-04,805
Guadalupe/West Mall @ University Co-op,21st/Speedway @ PCL,2018-05,492
Guadalupe/West Mall @ University Co-op,21st/Speedway @ PCL,2018-06,156
Guadalupe/West Mall @ University Co-op,21st/Speedway @ PCL,2018-07,157
Guadalupe/West Mall @ University Co-op,21st/Speedway @ PCL,2018-08,399
Guadalupe/West Mall @ University Co-op,21st/Speedway @ PCL,2018-09,828
Guadalupe/West Mall @ University Co-op,21st/Speedway @ PCL,2018-10,434
Guadalupe/West Mall @ University Co-op,21st/Speedway @ PCL,2018-11,239
Guadalupe/West Mall @ University Co-op,21st/Speedway @ PCL,2018-12,152
Guadalupe/West Mall @ University Co-op,21st/Speedway @ PCL,2019-01,106
Guadalupe/West Mall @ University Co-op,21st/Speedway @ PCL,2019-02,139
Guadalupe/West Mall @ University Co-op,21st/Speedway @ PCL,2019-03,112
Guadalupe/West Mall @ University Co-op,21st/Speedway @ PCL,2019-04,99
Guadalupe/West Mall @ University Co-op,21st/Speedway @ PCL,2019-05,80
Guadalupe/West Mall @ University Co-op,21st/Speedway @ PCL,2019-06,39
Guadalupe/West Mall @ University Co-op,21st/Speedway @ PCL,2019-07,55
Guadalupe/West Mall @ University Co-op,21st/Speedway @ PCL,2019-08,39
Guadalupe/West Mall @ University Co-op,21st/Speedway @ PCL,2019-09,51
Guadalupe/West Mall @ University Co-op,21st/Speedway @ PCL,2019-10,51
Guadalupe/West Mall @ University Co-op,21st/Speedway @ PCL,2019-11,49
Guadalupe/West Mall @ University Co-op,21st/Speedway @ PCL,2019-12,21
Guadalupe/West Mall @ University Co-op,21st/Speedway @ PCL,2020-01,22
Guadalupe/West Mall @ University Co-op,21st/Speedway @ PCL,2020-02,44
Guadalupe/West Mall @ University Co-op,21st/Speedway @ PCL,2020-03,25
Guadalupe/West Mall @ University Co-op,21st/Speedway @ PCL,2020-04,2
Guadalupe/West Mall @ University Co-op,21st/Speedway @ PCL,2020-05,6
Guadalupe/West Mall @ University Co-op,21st/Speedway @ PCL,2020-07,1
Guadalupe/West Mall @ University Co-op,21st/Speedway @ PCL,2020-08,8
Guadalupe/West Mall @ University Co-op,21st/Speedway @ PCL,2020-09,21
Guadalupe/West Mall @ University Co-op,21st/Speedway @ PCL,2020-10,13
Guadalupe/West Mall @ University Co-op,21st/Speedway @ PCL,2020-11,8
Guadalupe/West Mall @ University Co-op,21st/Speedway @ PCL,2020-12,3
Guadalupe/West Mall @ University Co-op,21st/Speedway @ PCL,2021-01,14
Guadalupe/West Mall @ University Co-op,21st/Speedway @ PCL,2021-02,8
Guadalupe/West Mall @ University Co-op,21st/Speedway @ PCL,2021-03,41
Guadalupe/West Mall @ University Co-op,21st/Speedway @ PCL,2021-04,52
Guadalupe/West Mall @ University Co-op,21st/Speedway @ PCL,2021-05,39
Guadalupe/West Mall @ University Co-op,21st/Speedway @ PCL,2021-06,12
Guadalupe/West Mall @ University Co-op,21st/Speedway @ PCL,2021-07,22
Guadalupe/West Mall @ University Co-op,21st/Speedway @ PCL,2021-08,106
Guadalupe/West Mall @ University Co-op,21st/Speedway @ PCL,2021-09,224
Guadalupe/West Mall @ University Co-op,21st/Speedway @ PCL,2021-10,309
Guadalupe/West Mall @ University Co-op,21st/Speedway @ PCL,2021-11,216
Guadalupe/West Mall @ University Co-op,21st/Speedway @ PCL,2021-12,137
Guadalupe/West Mall @ University Co-op,21st/Speedway @ PCL,2022-01,135
Guadalupe/West Mall @ University Co-op,21st/Speedway @ PCL,2022-02,219
Guadalupe/West Mall @ University Co-op,21st/Speedway @ PCL,2022-03,186
Guadalupe/West Mall @ University Co-op,21st/Speedway @ PCL,2022-04,260
Guadalupe/West Mall @ University Co-op,21st/Speedway @ PCL,2022-05,204
Guadalupe/West Mall @ University Co-op,21st/Speedway @ PCL,2022-06,52
Guadalupe/West Mall @ University Co-op,21st/Speedway @ PCL,2022-07,87
Guadalupe/West Mall @ University Co-op,21st/Speedway @ PCL,2022-08,195
Guadalupe/West Mall @ University Co-op,21st/Speedway @ PCL,2022-09,422
Guadalupe/West Mall @ University Co-op,21st/Speedway @ PCL,2022-10,457
Guadalupe/West Mall @ University Co-op,21st/Speedway @ PCL,2022-12,122
Guadalupe/West Mall @ University Co-op,21st/Speedway @ PCL,2023-01,172
Guadalupe/West Mall @ University Co-op,21st/Speedway @ PCL,2023-03,195
Guadalupe/West Mall @ University Co-op,21st/Speedway @ PCL,2023-04,29
Guadalupe/West Mall @ University Co-op,21st/Speedway @ PCL,2023-08,75
Guadalupe/West Mall @ University Co-op,21st/Speedway @ PCL,2023-09,293
Guadalupe/West Mall @ University Co-op,21st/Speedway @ PCL,2023-10,355
Guadalupe/West Mall @ University Co-op,21st/Speedway @ PCL,2023-11,237
Guadalupe/West Mall @ University Co-op,21st/Speedway @ PCL,2023-12,114
Guadalupe/West Mall @ University Co-op,21st/Speedway @ PCL,2024-01,129
Guadalupe/West Mall @ University Co-op,21st/Speedway @ PCL,2024-02,249
Guadalupe/West Mall @ University Co-op,21st/Speedway @ PCL,2024-03,216
Guadalupe/West Mall @ University Co-op,21st/Speedway @ PCL,2024-04,269
Guadalupe/West Mall @ University Co-op,21st/Speedway @ PCL,2024-05,88
Guadalupe/West Mall @ University Co-op,21st/Speedway @ PCL,2024-06,73
21st & Speedway @PCL,22nd & Pearl,2018-02,455
21st & Speedway @PCL,22nd & Pearl,2018-03,943
21st & Speedway @PCL,22nd & Pearl,2018-04,1031
21st & Speedway @PCL,22nd & Pearl,2018-05,609
21st & Speedway @PCL,22nd & Pearl,2018-06,416
21st & Speedway @PCL,22nd & Pearl,2018-07,312
21st & Speedway @PCL,22nd & Pearl,2018-08,401
21st & Speedway @PCL,22nd & Pearl,2018-09,748
21st & Speedway @PCL,22nd & Pearl,2018-10,536
21st & Speedway @PCL,22nd & Pearl,2018-11,291
21st & Speedway @PCL,22nd & Pearl,2018-12,129
21st & Speedway @PCL,22nd & Pearl,2019-01,73
21st & Speedway @PCL,22nd & Pearl,2019-02,96
21st & Speedway @PCL,22nd & Pearl,2019-03,76
21st & Speedway @PCL,22nd & Pearl,2019-04,105
21st & Speedway @PCL,22nd & Pearl,2019-05,66
21st & Speedway @PCL,22nd & Pearl,2019-06,95
21st & Speedway @PCL,22nd & Pearl,2019-07,78
21st & Speedway @PCL,22nd & Pearl,2019-08,56
21st & Speedway @PCL,22nd & Pearl,2019-09,97
21st & Speedway @PCL,22nd & Pearl,2019-10,65
21st & Speedway @PCL,22nd & Pearl,2019-11,38
21st & Speedway @PCL,22nd & Pearl,2019-12,17
21st & Speedway @PCL,22nd & Pearl,2020-01,11
21st & Speedway @PCL,22nd & Pearl,2020-02,19
21st & Speedway @PCL,22nd & Pearl,2020-03,22
21st & Speedway @PCL,22nd & Pearl,2020-04,3
21st & Speedway @PCL,22nd & Pearl,2020-05,14
21st & Speedway @PCL,22nd & Pearl,2020-07,7
21st & Speedway @PCL,22nd & Pearl,2020-08,19
21st & Speedway @PCL,22nd & Pearl,2020-09,20
21st & Speedway @PCL,22nd & Pearl,2020-10,43
21st & Speedway @PCL,22nd & Pearl,2020-11,58
21st & Speedway @PCL,22nd & Pearl,2020-12,16
21st & Speedway @PCL,22nd & Pearl,2021-01,34
21st & Speedway @PCL,22nd & Pearl,2021-02,49
21st & Speedway @PCL,22nd & Pearl,2021-03,70
21st & Speedway @PCL,22nd & Pearl,2021-04,135
21st & Speedway @PCL,22nd & Pearl,2021-05,68
21st & Speedway @PCL,22nd & Pearl,2021-06,50
21st & Speedway @PCL,22nd & Pearl,2021-07,46
21st & Speedway @PCL,22nd & Pearl,2021-08,92
21st & Speedway @PCL,22nd & Pearl,2021-09,309
21st & Speedway @PCL,22nd & Pearl,2021-10,318
21st & Speedway @PCL,22nd & Pearl,2021-11,220
21st & Speedway @PCL,22nd & Pearl,2021-12,162
21st & Speedway @PCL,22nd & Pearl,2022-01,119